zone,inverter_no,inverter_id,string_no,string_id,modules_per_string,inverter_string_count,modules_on_inverter,inverter_capacity_kwp,cable_cross_section,zone_total_strings,zone_total_modules,zone_total_capacity_kwp,page,source_pdf
T01,1,T01-INV01,1,T01-INV01-S01,28,21,588,426.30,3x150,249,6972,5022.64,1,AHP-PL-EL-PDF-PSW-01 PV System Wiring Diagram T01 Rev_00.pdf
T01,1,T01-INV01,2,T01-INV01-S02,28,21,588,426.30,3x150,249,6972,5022.64,1,AHP-PL-EL-PDF-PSW-01 PV System Wiring Diagram T01 Rev_00.pdf
T01,1,T01-INV01,3,T01-INV01-S03,28,21,588,426.30,3x150,249,6972,5022.64,1,AHP-PL-EL-PDF-PSW-01 PV System Wiring Diagram T01 Rev_00.pdf
T01,1,T01-INV01,4,T01-INV01-S04,28,21,588,426.30,3x150,249,6972,5022.64,1,AHP-PL-EL-PDF-PSW-01 PV System Wiring Diagram T01 Rev_00.pdf
T01,1,T01-INV01,5,T01-INV01-S05,28,21,588,426.30,3x150,249,6972,5022.64,1,AHP-PL-EL-PDF-PSW-01 PV System Wiring Diagram T01 Rev_00.pdf
T01,1,T01-INV01,6,T01-INV01-S06,28,21,588,426.30,3x150,249,6972,5022.64,1,AHP-PL-EL-PDF-PSW-01 PV System Wiring Diagram T01 Rev_00.pdf
T01,1,T01-INV01,7,T01-INV01-S07,28,21,588,426.30,3x150,249,6972,5022.64,1,AHP-PL-EL-PDF-PSW-01 PV System Wiring Diagram T01 Rev_00.pdf
T01,1,T01-INV01,8,T01-INV01-S08,28,21,588,426.30,3x150,249,6972,5022.64,1,AHP-PL-EL-PDF-PSW-01 PV System Wiring Diagram T01 Rev_00.pdf
T01,1,T01-INV01,9,T01-INV01-S09,28,21,588,426.30,3x150,249,6972,5022.64,1,AHP-PL-EL-PDF-PSW-01 PV System Wiring Diagram T01 Rev_00.pdf
T01,1,T01-INV01,10,T01-INV01-S10,28,21,588,426.30,3x150,249,6972,5022.64,1,AHP-PL-EL-PDF-PSW-01 PV System Wiring Diagram T01 Rev_00.pdf
T01,1,T01-INV01,11,T01-INV01-S11,28,21,588,426.30,3x150,249,6972,5022.64,1,AHP-PL-EL-PDF-PSW-01 PV System Wiring Diagram T01 Rev_00.pdf
T01,1,T01-INV01,12,T01-INV01-S12,28,21,588,426.30,3x150,249,6972,5022.64,1,AHP-PL-EL-PDF-PSW-01 PV System Wiring Diagram T01 Rev_00.pdf
T01,1,T01-INV01,13,T01-INV01-S13,28,21,588,426.30,3x150,249,6972,5022.64,1,AHP-PL-EL-PDF-PSW-01 PV System Wiring Diagram T01 Rev_00.pdf
T01,1,T01-INV01,14,T01-INV01-S14,28,21,588,426.30,3x150,249,6972,5022.64,1,AHP-PL-EL-PDF-PSW-01 PV System Wiring Diagram T01 Rev_00.pdf
T01,1,T01-INV01,15,T01-INV01-S15,28,21,588,426.30,3x150,249,6972,5022.64,1,AHP-PL-EL-PDF-PSW-01 PV System Wiring Diagram T01 Rev_00.pdf
T01,1,T01-INV01,16,T01-INV01-S16,28,21,588,426.30,3x150,249,6972,5022.64,1,AHP-PL-EL-PDF-PSW-01 PV System Wiring Diagram T01 Rev_00.pdf
T01,1,T01-INV01,17,T01-INV01-S17,28,21,588,426.30,3x150,249,6972,5022.64,1,AHP-PL-EL-PDF-PSW-01 PV System Wiring Diagram T01 Rev_00.pdf
T01,1,T01-INV01,18,T01-INV01-S18,28,21,588,426.30,3x150,249,6972,5022.64,1,AHP-PL-EL-PDF-PSW-01 PV System Wiring Diagram T01 Rev_00.pdf
T01,1,T01-INV01,19,T01-INV01-S19,28,21,588,426.30,3x150,249,6972,5022.64,1,AHP-PL-EL-PDF-PSW-01 PV System Wiring Diagram T01 Rev_00.pdf
T01,1,T01-INV01,20,T01-INV01-S20,28,21,588,426.30,3x150,249,6972,5022.64,1,AHP-PL-EL-PDF-PSW-01 PV System Wiring Diagram T01 Rev_00.pdf
T01,1,T01-INV01,21,T01-INV01-S21,28,21,588,426.30,3x150,249,6972,5022.64,1,AHP-PL-EL-PDF-PSW-01 PV System Wiring Diagram T01 Rev_00.pdf
T01,2,T01-INV02,1,T01-INV02-S01,28,21,588,426.30,3x150,249,6972,5022.64,1,AHP-PL-EL-PDF-PSW-01 PV System Wiring Diagram T01 Rev_00.pdf
T01,2,T01-INV02,2,T01-INV02-S02,28,21,588,426.30,3x150,249,6972,5022.64,1,AHP-PL-EL-PDF-PSW-01 PV System Wiring Diagram T01 Rev_00.pdf
T01,2,T01-INV02,3,T01-INV02-S03,28,21,588,426.30,3x150,249,6972,5022.64,1,AHP-PL-EL-PDF-PSW-01 PV System Wiring Diagram T01 Rev_00.pdf
T01,2,T01-INV02,4,T01-INV02-S04,28,21,588,426.30,3x150,249,6972,5022.64,1,AHP-PL-EL-PDF-PSW-01 PV System Wiring Diagram T01 Rev_00.pdf
T01,2,T01-INV02,5,T01-INV02-S05,28,21,588,426.30,3x150,249,6972,5022.64,1,AHP-PL-EL-PDF-PSW-01 PV System Wiring Diagram T01 Rev_00.pdf
T01,2,T01-INV02,6,T01-INV02-S06,28,21,588,426.30,3x150,249,6972,5022.64,1,AHP-PL-EL-PDF-PSW-01 PV System Wiring Diagram T01 Rev_00.pdf
T01,2,T01-INV02,7,T01-INV02-S07,28,21,588,426.30,3x150,249,6972,5022.64,1,AHP-PL-EL-PDF-PSW-01 PV System Wiring Diagram T01 Rev_00.pdf
T01,2,T01-INV02,8,T01-INV02-S08,28,21,588,426.30,3x150,249,6972,5022.64,1,AHP-PL-EL-PDF-PSW-01 PV System Wiring Diagram T01 Rev_00.pdf
T01,2,T01-INV02,9,T01-INV02-S09,28,21,588,426.30,3x150,249,6972,5022.64,1,AHP-PL-EL-PDF-PSW-01 PV System Wiring Diagram T01 Rev_00.pdf
T01,2,T01-INV02,10,T01-INV02-S10,28,21,588,426.30,3x150,249,6972,5022.64,1,AHP-PL-EL-PDF-PSW-01 PV System Wiring Diagram T01 Rev_00.pdf
T01,2,T01-INV02,11,T01-INV02-S11,28,21,588,426.30,3x150,249,6972,5022.64,1,AHP-PL-EL-PDF-PSW-01 PV System Wiring Diagram T01 Rev_00.pdf
T01,2,T01-INV02,12,T01-INV02-S12,28,21,588,426.30,3x150,249,6972,5022.64,1,AHP-PL-EL-PDF-PSW-01 PV System Wiring Diagram T01 Rev_00.pdf
T01,2,T01-INV02,13,T01-INV02-S13,28,21,588,426.30,3x150,249,6972,5022.64,1,AHP-PL-EL-PDF-PSW-01 PV System Wiring Diagram T01 Rev_00.pdf
T01,2,T01-INV02,14,T01-INV02-S14,28,21,588,426.30,3x150,249,6972,5022.64,1,AHP-PL-EL-PDF-PSW-01 PV System Wiring Diagram T01 Rev_00.pdf
T01,2,T01-INV02,15,T01-INV02-S15,28,21,588,426.30,3x150,249,6972,5022.64,1,AHP-PL-EL-PDF-PSW-01 PV System Wiring Diagram T01 Rev_00.pdf
T01,2,T01-INV02,16,T01-INV02-S16,28,21,588,426.30,3x150,249,6972,5022.64,1,AHP-PL-EL-PDF-PSW-01 PV System Wiring Diagram T01 Rev_00.pdf
T01,2,T01-INV02,17,T01-INV02-S17,28,21,588,426.30,3x150,249,6972,5022.64,1,AHP-PL-EL-PDF-PSW-01 PV System Wiring Diagram T01 Rev_00.pdf
T01,2,T01-INV02,18,T01-INV02-S18,28,21,588,426.30,3x150,249,6972,5022.64,1,AHP-PL-EL-PDF-PSW-01 PV System Wiring Diagram T01 Rev_00.pdf
T01,2,T01-INV02,19,T01-INV02-S19,28,21,588,426.30,3x150,249,6972,5022.64,1,AHP-PL-EL-PDF-PSW-01 PV System Wiring Diagram T01 Rev_00.pdf
T01,2,T01-INV02,20,T01-INV02-S20,28,21,588,426.30,3x150,249,6972,5022.64,1,AHP-PL-EL-PDF-PSW-01 PV System Wiring Diagram T01 Rev_00.pdf
T01,2,T01-INV02,21,T01-INV02-S21,28,21,588,426.30,3x150,249,6972,5022.64,1,AHP-PL-EL-PDF-PSW-01 PV System Wiring Diagram T01 Rev_00.pdf
T01,3,T01-INV03,1,T01-INV03-S01,28,21,588,426.30,3x150,249,6972,5022.64,1,AHP-PL-EL-PDF-PSW-01 PV System Wiring Diagram T01 Rev_00.pdf
T01,3,T01-INV03,2,T01-INV03-S02,28,21,588,426.30,3x150,249,6972,5022.64,1,AHP-PL-EL-PDF-PSW-01 PV System Wiring Diagram T01 Rev_00.pdf
T01,3,T01-INV03,3,T01-INV03-S03,28,21,588,426.30,3x150,249,6972,5022.64,1,AHP-PL-EL-PDF-PSW-01 PV System Wiring Diagram T01 Rev_00.pdf
T01,3,T01-INV03,4,T01-INV03-S04,28,21,588,426.30,3x150,249,6972,5022.64,1,AHP-PL-EL-PDF-PSW-01 PV System Wiring Diagram T01 Rev_00.pdf
T01,3,T01-INV03,5,T01-INV03-S05,28,21,588,426.30,3x150,249,6972,5022.64,1,AHP-PL-EL-PDF-PSW-01 PV System Wiring Diagram T01 Rev_00.pdf
T01,3,T01-INV03,6,T01-INV03-S06,28,21,588,426.30,3x150,249,6972,5022.64,1,AHP-PL-EL-PDF-PSW-01 PV System Wiring Diagram T01 Rev_00.pdf
T01,3,T01-INV03,7,T01-INV03-S07,28,21,588,426.30,3x150,249,6972,5022.64,1,AHP-PL-EL-PDF-PSW-01 PV System Wiring Diagram T01 Rev_00.pdf
T01,3,T01-INV03,8,T01-INV03-S08,28,21,588,426.30,3x150,249,6972,5022.64,1,AHP-PL-EL-PDF-PSW-01 PV System Wiring Diagram T01 Rev_00.pdf
T01,3,T01-INV03,9,T01-INV03-S09,28,21,588,426.30,3x150,249,6972,5022.64,1,AHP-PL-EL-PDF-PSW-01 PV System Wiring Diagram T01 Rev_00.pdf
T01,3,T01-INV03,10,T01-INV03-S10,28,21,588,426.30,3x150,249,6972,5022.64,1,AHP-PL-EL-PDF-PSW-01 PV System Wiring Diagram T01 Rev_00.pdf
T01,3,T01-INV03,11,T01-INV03-S11,28,21,588,426.30,3x150,249,6972,5022.64,1,AHP-PL-EL-PDF-PSW-01 PV System Wiring Diagram T01 Rev_00.pdf
T01,3,T01-INV03,12,T01-INV03-S12,28,21,588,426.30,3x150,249,6972,5022.64,1,AHP-PL-EL-PDF-PSW-01 PV System Wiring Diagram T01 Rev_00.pdf
T01,3,T01-INV03,13,T01-INV03-S13,28,21,588,426.30,3x150,249,6972,5022.64,1,AHP-PL-EL-PDF-PSW-01 PV System Wiring Diagram T01 Rev_00.pdf
T01,3,T01-INV03,14,T01-INV03-S14,28,21,588,426.30,3x150,249,6972,5022.64,1,AHP-PL-EL-PDF-PSW-01 PV System Wiring Diagram T01 Rev_00.pdf
T01,3,T01-INV03,15,T01-INV03-S15,28,21,588,426.30,3x150,249,6972,5022.64,1,AHP-PL-EL-PDF-PSW-01 PV System Wiring Diagram T01 Rev_00.pdf
T01,3,T01-INV03,16,T01-INV03-S16,28,21,588,426.30,3x150,249,6972,5022.64,1,AHP-PL-EL-PDF-PSW-01 PV System Wiring Diagram T01 Rev_00.pdf
T01,3,T01-INV03,17,T01-INV03-S17,28,21,588,426.30,3x150,249,6972,5022.64,1,AHP-PL-EL-PDF-PSW-01 PV System Wiring Diagram T01 Rev_00.pdf
T01,3,T01-INV03,18,T01-INV03-S18,28,21,588,426.30,3x150,249,6972,5022.64,1,AHP-PL-EL-PDF-PSW-01 PV System Wiring Diagram T01 Rev_00.pdf
T01,3,T01-INV03,19,T01-INV03-S19,28,21,588,426.30,3x150,249,6972,5022.64,1,AHP-PL-EL-PDF-PSW-01 PV System Wiring Diagram T01 Rev_00.pdf
T01,3,T01-INV03,20,T01-INV03-S20,28,21,588,426.30,3x150,249,6972,5022.64,1,AHP-PL-EL-PDF-PSW-01 PV System Wiring Diagram T01 Rev_00.pdf
T01,3,T01-INV03,21,T01-INV03-S21,28,21,588,426.30,3x150,249,6972,5022.64,1,AHP-PL-EL-PDF-PSW-01 PV System Wiring Diagram T01 Rev_00.pdf
T01,4,T01-INV04,1,T01-INV04-S01,28,21,588,426.30,3x150,249,6972,5022.64,1,AHP-PL-EL-PDF-PSW-01 PV System Wiring Diagram T01 Rev_00.pdf
T01,4,T01-INV04,2,T01-INV04-S02,28,21,588,426.30,3x150,249,6972,5022.64,1,AHP-PL-EL-PDF-PSW-01 PV System Wiring Diagram T01 Rev_00.pdf
T01,4,T01-INV04,3,T01-INV04-S03,28,21,588,426.30,3x150,249,6972,5022.64,1,AHP-PL-EL-PDF-PSW-01 PV System Wiring Diagram T01 Rev_00.pdf
T01,4,T01-INV04,4,T01-INV04-S04,28,21,588,426.30,3x150,249,6972,5022.64,1,AHP-PL-EL-PDF-PSW-01 PV System Wiring Diagram T01 Rev_00.pdf
T01,4,T01-INV04,5,T01-INV04-S05,28,21,588,426.30,3x150,249,6972,5022.64,1,AHP-PL-EL-PDF-PSW-01 PV System Wiring Diagram T01 Rev_00.pdf
T01,4,T01-INV04,6,T01-INV04-S06,28,21,588,426.30,3x150,249,6972,5022.64,1,AHP-PL-EL-PDF-PSW-01 PV System Wiring Diagram T01 Rev_00.pdf
T01,4,T01-INV04,7,T01-INV04-S07,28,21,588,426.30,3x150,249,6972,5022.64,1,AHP-PL-EL-PDF-PSW-01 PV System Wiring Diagram T01 Rev_00.pdf
T01,4,T01-INV04,8,T01-INV04-S08,28,21,588,426.30,3x150,249,6972,5022.64,1,AHP-PL-EL-PDF-PSW-01 PV System Wiring Diagram T01 Rev_00.pdf
T01,4,T01-INV04,9,T01-INV04-S09,28,21,588,426.30,3x150,249,6972,5022.64,1,AHP-PL-EL-PDF-PSW-01 PV System Wiring Diagram T01 Rev_00.pdf
T01,4,T01-INV04,10,T01-INV04-S10,28,21,588,426.30,3x150,249,6972,5022.64,1,AHP-PL-EL-PDF-PSW-01 PV System Wiring Diagram T01 Rev_00.pdf
T01,4,T01-INV04,11,T01-INV04-S11,28,21,588,426.30,3x150,249,6972,5022.64,1,AHP-PL-EL-PDF-PSW-01 PV System Wiring Diagram T01 Rev_00.pdf
T01,4,T01-INV04,12,T01-INV04-S12,28,21,588,426.30,3x150,249,6972,5022.64,1,AHP-PL-EL-PDF-PSW-01 PV System Wiring Diagram T01 Rev_00.pdf
T01,4,T01-INV04,13,T01-INV04-S13,28,21,588,426.30,3x150,249,6972,5022.64,1,AHP-PL-EL-PDF-PSW-01 PV System Wiring Diagram T01 Rev_00.pdf
T01,4,T01-INV04,14,T01-INV04-S14,28,21,588,426.30,3x150,249,6972,5022.64,1,AHP-PL-EL-PDF-PSW-01 PV System Wiring Diagram T01 Rev_00.pdf
T01,4,T01-INV04,15,T01-INV04-S15,28,21,588,426.30,3x150,249,6972,5022.64,1,AHP-PL-EL-PDF-PSW-01 PV System Wiring Diagram T01 Rev_00.pdf
T01,4,T01-INV04,16,T01-INV04-S16,28,21,588,426.30,3x150,249,6972,5022.64,1,AHP-PL-EL-PDF-PSW-01 PV System Wiring Diagram T01 Rev_00.pdf
T01,4,T01-INV04,17,T01-INV04-S17,28,21,588,426.30,3x150,249,6972,5022.64,1,AHP-PL-EL-PDF-PSW-01 PV System Wiring Diagram T01 Rev_00.pdf
T01,4,T01-INV04,18,T01-INV04-S18,28,21,588,426.30,3x150,249,6972,5022.64,1,AHP-PL-EL-PDF-PSW-01 PV System Wiring Diagram T01 Rev_00.pdf
T01,4,T01-INV04,19,T01-INV04-S19,28,21,588,426.30,3x150,249,6972,5022.64,1,AHP-PL-EL-PDF-PSW-01 PV System Wiring Diagram T01 Rev_00.pdf
T01,4,T01-INV04,20,T01-INV04-S20,28,21,588,426.30,3x150,249,6972,5022.64,1,AHP-PL-EL-PDF-PSW-01 PV System Wiring Diagram T01 Rev_00.pdf
T01,4,T01-INV04,21,T01-INV04-S21,28,21,588,426.30,3x150,249,6972,5022.64,1,AHP-PL-EL-PDF-PSW-01 PV System Wiring Diagram T01 Rev_00.pdf
T01,5,T01-INV05,1,T01-INV05-S01,28,21,588,426.30,3x150,249,6972,5022.64,1,AHP-PL-EL-PDF-PSW-01 PV System Wiring Diagram T01 Rev_00.pdf
T01,5,T01-INV05,2,T01-INV05-S02,28,21,588,426.30,3x150,249,6972,5022.64,1,AHP-PL-EL-PDF-PSW-01 PV System Wiring Diagram T01 Rev_00.pdf
T01,5,T01-INV05,3,T01-INV05-S03,28,21,588,426.30,3x150,249,6972,5022.64,1,AHP-PL-EL-PDF-PSW-01 PV System Wiring Diagram T01 Rev_00.pdf
T01,5,T01-INV05,4,T01-INV05-S04,28,21,588,426.30,3x150,249,6972,5022.64,1,AHP-PL-EL-PDF-PSW-01 PV System Wiring Diagram T01 Rev_00.pdf
T01,5,T01-INV05,5,T01-INV05-S05,28,21,588,426.30,3x150,249,6972,5022.64,1,AHP-PL-EL-PDF-PSW-01 PV System Wiring Diagram T01 Rev_00.pdf
T01,5,T01-INV05,6,T01-INV05-S06,28,21,588,426.30,3x150,249,6972,5022.64,1,AHP-PL-EL-PDF-PSW-01 PV System Wiring Diagram T01 Rev_00.pdf
T01,5,T01-INV05,7,T01-INV05-S07,28,21,588,426.30,3x150,249,6972,5022.64,1,AHP-PL-EL-PDF-PSW-01 PV System Wiring Diagram T01 Rev_00.pdf
T01,5,T01-INV05,8,T01-INV05-S08,28,21,588,426.30,3x150,249,6972,5022.64,1,AHP-PL-EL-PDF-PSW-01 PV System Wiring Diagram T01 Rev_00.pdf
T01,5,T01-INV05,9,T01-INV05-S09,28,21,588,426.30,3x150,249,6972,5022.64,1,AHP-PL-EL-PDF-PSW-01 PV System Wiring Diagram T01 Rev_00.pdf
T01,5,T01-INV05,10,T01-INV05-S10,28,21,588,426.30,3x150,249,6972,5022.64,1,AHP-PL-EL-PDF-PSW-01 PV System Wiring Diagram T01 Rev_00.pdf
T01,5,T01-INV05,11,T01-INV05-S11,28,21,588,426.30,3x150,249,6972,5022.64,1,AHP-PL-EL-PDF-PSW-01 PV System Wiring Diagram T01 Rev_00.pdf
T01,5,T01-INV05,12,T01-INV05-S12,28,21,588,426.30,3x150,249,6972,5022.64,1,AHP-PL-EL-PDF-PSW-01 PV System Wiring Diagram T01 Rev_00.pdf
T01,5,T01-INV05,13,T01-INV05-S13,28,21,588,426.30,3x150,249,6972,5022.64,1,AHP-PL-EL-PDF-PSW-01 PV System Wiring Diagram T01 Rev_00.pdf
T01,5,T01-INV05,14,T01-INV05-S14,28,21,588,426.30,3x150,249,6972,5022.64,1,AHP-PL-EL-PDF-PSW-01 PV System Wiring Diagram T01 Rev_00.pdf
T01,5,T01-INV05,15,T01-INV05-S15,28,21,588,426.30,3x150,249,6972,5022.64,1,AHP-PL-EL-PDF-PSW-01 PV System Wiring Diagram T01 Rev_00.pdf
T01,5,T01-INV05,16,T01-INV05-S16,28,21,588,426.30,3x150,249,6972,5022.64,1,AHP-PL-EL-PDF-PSW-01 PV System Wiring Diagram T01 Rev_00.pdf
T01,5,T01-INV05,17,T01-INV05-S17,28,21,588,426.30,3x150,249,6972,5022.64,1,AHP-PL-EL-PDF-PSW-01 PV System Wiring Diagram T01 Rev_00.pdf
T01,5,T01-INV05,18,T01-INV05-S18,28,21,588,426.30,3x150,249,6972,5022.64,1,AHP-PL-EL-PDF-PSW-01 PV System Wiring Diagram T01 Rev_00.pdf
T01,5,T01-INV05,19,T01-INV05-S19,28,21,588,426.30,3x150,249,6972,5022.64,1,AHP-PL-EL-PDF-PSW-01 PV System Wiring Diagram T01 Rev_00.pdf
T01,5,T01-INV05,20,T01-INV05-S20,28,21,588,426.30,3x150,249,6972,5022.64,1,AHP-PL-EL-PDF-PSW-01 PV System Wiring Diagram T01 Rev_00.pdf
T01,5,T01-INV05,21,T01-INV05-S21,28,21,588,426.30,3x150,249,6972,5022.64,1,AHP-PL-EL-PDF-PSW-01 PV System Wiring Diagram T01 Rev_00.pdf
T01,6,T01-INV06,1,T01-INV06-S01,28,21,588,426.30,3x150,249,6972,5022.64,1,AHP-PL-EL-PDF-PSW-01 PV System Wiring Diagram T01 Rev_00.pdf
T01,6,T01-INV06,2,T01-INV06-S02,28,21,588,426.30,3x150,249,6972,5022.64,1,AHP-PL-EL-PDF-PSW-01 PV System Wiring Diagram T01 Rev_00.pdf
T01,6,T01-INV06,3,T01-INV06-S03,28,21,588,426.30,3x150,249,6972,5022.64,1,AHP-PL-EL-PDF-PSW-01 PV System Wiring Diagram T01 Rev_00.pdf
T01,6,T01-INV06,4,T01-INV06-S04,28,21,588,426.30,3x150,249,6972,5022.64,1,AHP-PL-EL-PDF-PSW-01 PV System Wiring Diagram T01 Rev_00.pdf
T01,6,T01-INV06,5,T01-INV06-S05,28,21,588,426.30,3x150,249,6972,5022.64,1,AHP-PL-EL-PDF-PSW-01 PV System Wiring Diagram T01 Rev_00.pdf
T01,6,T01-INV06,6,T01-INV06-S06,28,21,588,426.30,3x150,249,6972,5022.64,1,AHP-PL-EL-PDF-PSW-01 PV System Wiring Diagram T01 Rev_00.pdf
T01,6,T01-INV06,7,T01-INV06-S07,28,21,588,426.30,3x150,249,6972,5022.64,1,AHP-PL-EL-PDF-PSW-01 PV System Wiring Diagram T01 Rev_00.pdf
T01,6,T01-INV06,8,T01-INV06-S08,28,21,588,426.30,3x150,249,6972,5022.64,1,AHP-PL-EL-PDF-PSW-01 PV System Wiring Diagram T01 Rev_00.pdf
T01,6,T01-INV06,9,T01-INV06-S09,28,21,588,426.30,3x150,249,6972,5022.64,1,AHP-PL-EL-PDF-PSW-01 PV System Wiring Diagram T01 Rev_00.pdf
T01,6,T01-INV06,10,T01-INV06-S10,28,21,588,426.30,3x150,249,6972,5022.64,1,AHP-PL-EL-PDF-PSW-01 PV System Wiring Diagram T01 Rev_00.pdf
T01,6,T01-INV06,11,T01-INV06-S11,28,21,588,426.30,3x150,249,6972,5022.64,1,AHP-PL-EL-PDF-PSW-01 PV System Wiring Diagram T01 Rev_00.pdf
T01,6,T01-INV06,12,T01-INV06-S12,28,21,588,426.30,3x150,249,6972,5022.64,1,AHP-PL-EL-PDF-PSW-01 PV System Wiring Diagram T01 Rev_00.pdf
T01,6,T01-INV06,13,T01-INV06-S13,28,21,588,426.30,3x150,249,6972,5022.64,1,AHP-PL-EL-PDF-PSW-01 PV System Wiring Diagram T01 Rev_00.pdf
T01,6,T01-INV06,14,T01-INV06-S14,28,21,588,426.30,3x150,249,6972,5022.64,1,AHP-PL-EL-PDF-PSW-01 PV System Wiring Diagram T01 Rev_00.pdf
T01,6,T01-INV06,15,T01-INV06-S15,28,21,588,426.30,3x150,249,6972,5022.64,1,AHP-PL-EL-PDF-PSW-01 PV System Wiring Diagram T01 Rev_00.pdf
T01,6,T01-INV06,16,T01-INV06-S16,28,21,588,426.30,3x150,249,6972,5022.64,1,AHP-PL-EL-PDF-PSW-01 PV System Wiring Diagram T01 Rev_00.pdf
T01,6,T01-INV06,17,T01-INV06-S17,28,21,588,426.30,3x150,249,6972,5022.64,1,AHP-PL-EL-PDF-PSW-01 PV System Wiring Diagram T01 Rev_00.pdf
T01,6,T01-INV06,18,T01-INV06-S18,28,21,588,426.30,3x150,249,6972,5022.64,1,AHP-PL-EL-PDF-PSW-01 PV System Wiring Diagram T01 Rev_00.pdf
T01,6,T01-INV06,19,T01-INV06-S19,28,21,588,426.30,3x150,249,6972,5022.64,1,AHP-PL-EL-PDF-PSW-01 PV System Wiring Diagram T01 Rev_00.pdf
T01,6,T01-INV06,20,T01-INV06-S20,28,21,588,426.30,3x150,249,6972,5022.64,1,AHP-PL-EL-PDF-PSW-01 PV System Wiring Diagram T01 Rev_00.pdf
T01,6,T01-INV06,21,T01-INV06-S21,28,21,588,426.30,3x150,249,6972,5022.64,1,AHP-PL-EL-PDF-PSW-01 PV System Wiring Diagram T01 Rev_00.pdf
T01,7,T01-INV07,1,T01-INV07-S01,28,21,588,426.30,3x150,249,6972,5022.64,1,AHP-PL-EL-PDF-PSW-01 PV System Wiring Diagram T01 Rev_00.pdf
T01,7,T01-INV07,2,T01-INV07-S02,28,21,588,426.30,3x150,249,6972,5022.64,1,AHP-PL-EL-PDF-PSW-01 PV System Wiring Diagram T01 Rev_00.pdf
T01,7,T01-INV07,3,T01-INV07-S03,28,21,588,426.30,3x150,249,6972,5022.64,1,AHP-PL-EL-PDF-PSW-01 PV System Wiring Diagram T01 Rev_00.pdf
T01,7,T01-INV07,4,T01-INV07-S04,28,21,588,426.30,3x150,249,6972,5022.64,1,AHP-PL-EL-PDF-PSW-01 PV System Wiring Diagram T01 Rev_00.pdf
T01,7,T01-INV07,5,T01-INV07-S05,28,21,588,426.30,3x150,249,6972,5022.64,1,AHP-PL-EL-PDF-PSW-01 PV System Wiring Diagram T01 Rev_00.pdf
T01,7,T01-INV07,6,T01-INV07-S06,28,21,588,426.30,3x150,249,6972,5022.64,1,AHP-PL-EL-PDF-PSW-01 PV System Wiring Diagram T01 Rev_00.pdf
T01,7,T01-INV07,7,T01-INV07-S07,28,21,588,426.30,3x150,249,6972,5022.64,1,AHP-PL-EL-PDF-PSW-01 PV System Wiring Diagram T01 Rev_00.pdf
T01,7,T01-INV07,8,T01-INV07-S08,28,21,588,426.30,3x150,249,6972,5022.64,1,AHP-PL-EL-PDF-PSW-01 PV System Wiring Diagram T01 Rev_00.pdf
T01,7,T01-INV07,9,T01-INV07-S09,28,21,588,426.30,3x150,249,6972,5022.64,1,AHP-PL-EL-PDF-PSW-01 PV System Wiring Diagram T01 Rev_00.pdf
T01,7,T01-INV07,10,T01-INV07-S10,28,21,588,426.30,3x150,249,6972,5022.64,1,AHP-PL-EL-PDF-PSW-01 PV System Wiring Diagram T01 Rev_00.pdf
T01,7,T01-INV07,11,T01-INV07-S11,28,21,588,426.30,3x150,249,6972,5022.64,1,AHP-PL-EL-PDF-PSW-01 PV System Wiring Diagram T01 Rev_00.pdf
T01,7,T01-INV07,12,T01-INV07-S12,28,21,588,426.30,3x150,249,6972,5022.64,1,AHP-PL-EL-PDF-PSW-01 PV System Wiring Diagram T01 Rev_00.pdf
T01,7,T01-INV07,13,T01-INV07-S13,28,21,588,426.30,3x150,249,6972,5022.64,1,AHP-PL-EL-PDF-PSW-01 PV System Wiring Diagram T01 Rev_00.pdf
T01,7,T01-INV07,14,T01-INV07-S14,28,21,588,426.30,3x150,249,6972,5022.64,1,AHP-PL-EL-PDF-PSW-01 PV System Wiring Diagram T01 Rev_00.pdf
T01,7,T01-INV07,15,T01-INV07-S15,28,21,588,426.30,3x150,249,6972,5022.64,1,AHP-PL-EL-PDF-PSW-01 PV System Wiring Diagram T01 Rev_00.pdf
T01,7,T01-INV07,16,T01-INV07-S16,28,21,588,426.30,3x150,249,6972,5022.64,1,AHP-PL-EL-PDF-PSW-01 PV System Wiring Diagram T01 Rev_00.pdf
T01,7,T01-INV07,17,T01-INV07-S17,28,21,588,426.30,3x150,249,6972,5022.64,1,AHP-PL-EL-PDF-PSW-01 PV System Wiring Diagram T01 Rev_00.pdf
T01,7,T01-INV07,18,T01-INV07-S18,28,21,588,426.30,3x150,249,6972,5022.64,1,AHP-PL-EL-PDF-PSW-01 PV System Wiring Diagram T01 Rev_00.pdf
T01,7,T01-INV07,19,T01-INV07-S19,28,21,588,426.30,3x150,249,6972,5022.64,1,AHP-PL-EL-PDF-PSW-01 PV System Wiring Diagram T01 Rev_00.pdf
T01,7,T01-INV07,20,T01-INV07-S20,28,21,588,426.30,3x150,249,6972,5022.64,1,AHP-PL-EL-PDF-PSW-01 PV System Wiring Diagram T01 Rev_00.pdf
T01,7,T01-INV07,21,T01-INV07-S21,28,21,588,426.30,3x150,249,6972,5022.64,1,AHP-PL-EL-PDF-PSW-01 PV System Wiring Diagram T01 Rev_00.pdf
T01,8,T01-INV08,1,T01-INV08-S01,28,20,560,406.00,3x150,249,6972,5022.64,1,AHP-PL-EL-PDF-PSW-01 PV System Wiring Diagram T01 Rev_00.pdf
T01,8,T01-INV08,2,T01-INV08-S02,28,20,560,406.00,3x150,249,6972,5022.64,1,AHP-PL-EL-PDF-PSW-01 PV System Wiring Diagram T01 Rev_00.pdf
T01,8,T01-INV08,3,T01-INV08-S03,28,20,560,406.00,3x150,249,6972,5022.64,1,AHP-PL-EL-PDF-PSW-01 PV System Wiring Diagram T01 Rev_00.pdf
T01,8,T01-INV08,4,T01-INV08-S04,28,20,560,406.00,3x150,249,6972,5022.64,1,AHP-PL-EL-PDF-PSW-01 PV System Wiring Diagram T01 Rev_00.pdf
T01,8,T01-INV08,5,T01-INV08-S05,28,20,560,406.00,3x150,249,6972,5022.64,1,AHP-PL-EL-PDF-PSW-01 PV System Wiring Diagram T01 Rev_00.pdf
T01,8,T01-INV08,6,T01-INV08-S06,28,20,560,406.00,3x150,249,6972,5022.64,1,AHP-PL-EL-PDF-PSW-01 PV System Wiring Diagram T01 Rev_00.pdf
T01,8,T01-INV08,7,T01-INV08-S07,28,20,560,406.00,3x150,249,6972,5022.64,1,AHP-PL-EL-PDF-PSW-01 PV System Wiring Diagram T01 Rev_00.pdf
T01,8,T01-INV08,8,T01-INV08-S08,28,20,560,406.00,3x150,249,6972,5022.64,1,AHP-PL-EL-PDF-PSW-01 PV System Wiring Diagram T01 Rev_00.pdf
T01,8,T01-INV08,9,T01-INV08-S09,28,20,560,406.00,3x150,249,6972,5022.64,1,AHP-PL-EL-PDF-PSW-01 PV System Wiring Diagram T01 Rev_00.pdf
T01,8,T01-INV08,10,T01-INV08-S10,28,20,560,406.00,3x150,249,6972,5022.64,1,AHP-PL-EL-PDF-PSW-01 PV System Wiring Diagram T01 Rev_00.pdf
T01,8,T01-INV08,11,T01-INV08-S11,28,20,560,406.00,3x150,249,6972,5022.64,1,AHP-PL-EL-PDF-PSW-01 PV System Wiring Diagram T01 Rev_00.pdf
T01,8,T01-INV08,12,T01-INV08-S12,28,20,560,406.00,3x150,249,6972,5022.64,1,AHP-PL-EL-PDF-PSW-01 PV System Wiring Diagram T01 Rev_00.pdf
T01,8,T01-INV08,13,T01-INV08-S13,28,20,560,406.00,3x150,249,6972,5022.64,1,AHP-PL-EL-PDF-PSW-01 PV System Wiring Diagram T01 Rev_00.pdf
T01,8,T01-INV08,14,T01-INV08-S14,28,20,560,406.00,3x150,249,6972,5022.64,1,AHP-PL-EL-PDF-PSW-01 PV System Wiring Diagram T01 Rev_00.pdf
T01,8,T01-INV08,15,T01-INV08-S15,28,20,560,406.00,3x150,249,6972,5022.64,1,AHP-PL-EL-PDF-PSW-01 PV System Wiring Diagram T01 Rev_00.pdf
T01,8,T01-INV08,16,T01-INV08-S16,28,20,560,406.00,3x150,249,6972,5022.64,1,AHP-PL-EL-PDF-PSW-01 PV System Wiring Diagram T01 Rev_00.pdf
T01,8,T01-INV08,17,T01-INV08-S17,28,20,560,406.00,3x150,249,6972,5022.64,1,AHP-PL-EL-PDF-PSW-01 PV System Wiring Diagram T01 Rev_00.pdf
T01,8,T01-INV08,18,T01-INV08-S18,28,20,560,406.00,3x150,249,6972,5022.64,1,AHP-PL-EL-PDF-PSW-01 PV System Wiring Diagram T01 Rev_00.pdf
T01,8,T01-INV08,19,T01-INV08-S19,28,20,560,406.00,3x150,249,6972,5022.64,1,AHP-PL-EL-PDF-PSW-01 PV System Wiring Diagram T01 Rev_00.pdf
T01,8,T01-INV08,20,T01-INV08-S20,28,20,560,406.00,3x150,249,6972,5022.64,1,AHP-PL-EL-PDF-PSW-01 PV System Wiring Diagram T01 Rev_00.pdf
T01,9,T01-INV09,1,T01-INV09-S01,28,21,588,426.30,3x150,249,6972,5022.64,1,AHP-PL-EL-PDF-PSW-01 PV System Wiring Diagram T01 Rev_00.pdf
T01,9,T01-INV09,2,T01-INV09-S02,28,21,588,426.30,3x150,249,6972,5022.64,1,AHP-PL-EL-PDF-PSW-01 PV System Wiring Diagram T01 Rev_00.pdf
T01,9,T01-INV09,3,T01-INV09-S03,28,21,588,426.30,3x150,249,6972,5022.64,1,AHP-PL-EL-PDF-PSW-01 PV System Wiring Diagram T01 Rev_00.pdf
T01,9,T01-INV09,4,T01-INV09-S04,28,21,588,426.30,3x150,249,6972,5022.64,1,AHP-PL-EL-PDF-PSW-01 PV System Wiring Diagram T01 Rev_00.pdf
T01,9,T01-INV09,5,T01-INV09-S05,28,21,588,426.30,3x150,249,6972,5022.64,1,AHP-PL-EL-PDF-PSW-01 PV System Wiring Diagram T01 Rev_00.pdf
T01,9,T01-INV09,6,T01-INV09-S06,28,21,588,426.30,3x150,249,6972,5022.64,1,AHP-PL-EL-PDF-PSW-01 PV System Wiring Diagram T01 Rev_00.pdf
T01,9,T01-INV09,7,T01-INV09-S07,28,21,588,426.30,3x150,249,6972,5022.64,1,AHP-PL-EL-PDF-PSW-01 PV System Wiring Diagram T01 Rev_00.pdf
T01,9,T01-INV09,8,T01-INV09-S08,28,21,588,426.30,3x150,249,6972,5022.64,1,AHP-PL-EL-PDF-PSW-01 PV System Wiring Diagram T01 Rev_00.pdf
T01,9,T01-INV09,9,T01-INV09-S09,28,21,588,426.30,3x150,249,6972,5022.64,1,AHP-PL-EL-PDF-PSW-01 PV System Wiring Diagram T01 Rev_00.pdf
T01,9,T01-INV09,10,T01-INV09-S10,28,21,588,426.30,3x150,249,6972,5022.64,1,AHP-PL-EL-PDF-PSW-01 PV System Wiring Diagram T01 Rev_00.pdf
T01,9,T01-INV09,11,T01-INV09-S11,28,21,588,426.30,3x150,249,6972,5022.64,1,AHP-PL-EL-PDF-PSW-01 PV System Wiring Diagram T01 Rev_00.pdf
T01,9,T01-INV09,12,T01-INV09-S12,28,21,588,426.30,3x150,249,6972,5022.64,1,AHP-PL-EL-PDF-PSW-01 PV System Wiring Diagram T01 Rev_00.pdf
T01,9,T01-INV09,13,T01-INV09-S13,28,21,588,426.30,3x150,249,6972,5022.64,1,AHP-PL-EL-PDF-PSW-01 PV System Wiring Diagram T01 Rev_00.pdf
T01,9,T01-INV09,14,T01-INV09-S14,28,21,588,426.30,3x150,249,6972,5022.64,1,AHP-PL-EL-PDF-PSW-01 PV System Wiring Diagram T01 Rev_00.pdf
T01,9,T01-INV09,15,T01-INV09-S15,28,21,588,426.30,3x150,249,6972,5022.64,1,AHP-PL-EL-PDF-PSW-01 PV System Wiring Diagram T01 Rev_00.pdf
T01,9,T01-INV09,16,T01-INV09-S16,28,21,588,426.30,3x150,249,6972,5022.64,1,AHP-PL-EL-PDF-PSW-01 PV System Wiring Diagram T01 Rev_00.pdf
T01,9,T01-INV09,17,T01-INV09-S17,28,21,588,426.30,3x150,249,6972,5022.64,1,AHP-PL-EL-PDF-PSW-01 PV System Wiring Diagram T01 Rev_00.pdf
T01,9,T01-INV09,18,T01-INV09-S18,28,21,588,426.30,3x150,249,6972,5022.64,1,AHP-PL-EL-PDF-PSW-01 PV System Wiring Diagram T01 Rev_00.pdf
T01,9,T01-INV09,19,T01-INV09-S19,28,21,588,426.30,3x150,249,6972,5022.64,1,AHP-PL-EL-PDF-PSW-01 PV System Wiring Diagram T01 Rev_00.pdf
T01,9,T01-INV09,20,T01-INV09-S20,28,21,588,426.30,3x150,249,6972,5022.64,1,AHP-PL-EL-PDF-PSW-01 PV System Wiring Diagram T01 Rev_00.pdf
T01,9,T01-INV09,21,T01-INV09-S21,28,21,588,426.30,3x150,249,6972,5022.64,1,AHP-PL-EL-PDF-PSW-01 PV System Wiring Diagram T01 Rev_00.pdf
T01,10,T01-INV10,1,T01-INV10-S01,28,20,560,406.00,3x150,249,6972,5022.64,1,AHP-PL-EL-PDF-PSW-01 PV System Wiring Diagram T01 Rev_00.pdf
T01,10,T01-INV10,2,T01-INV10-S02,28,20,560,406.00,3x150,249,6972,5022.64,1,AHP-PL-EL-PDF-PSW-01 PV System Wiring Diagram T01 Rev_00.pdf
T01,10,T01-INV10,3,T01-INV10-S03,28,20,560,406.00,3x150,249,6972,5022.64,1,AHP-PL-EL-PDF-PSW-01 PV System Wiring Diagram T01 Rev_00.pdf
T01,10,T01-INV10,4,T01-INV10-S04,28,20,560,406.00,3x150,249,6972,5022.64,1,AHP-PL-EL-PDF-PSW-01 PV System Wiring Diagram T01 Rev_00.pdf
T01,10,T01-INV10,5,T01-INV10-S05,28,20,560,406.00,3x150,249,6972,5022.64,1,AHP-PL-EL-PDF-PSW-01 PV System Wiring Diagram T01 Rev_00.pdf
T01,10,T01-INV10,6,T01-INV10-S06,28,20,560,406.00,3x150,249,6972,5022.64,1,AHP-PL-EL-PDF-PSW-01 PV System Wiring Diagram T01 Rev_00.pdf
T01,10,T01-INV10,7,T01-INV10-S07,28,20,560,406.00,3x150,249,6972,5022.64,1,AHP-PL-EL-PDF-PSW-01 PV System Wiring Diagram T01 Rev_00.pdf
T01,10,T01-INV10,8,T01-INV10-S08,28,20,560,406.00,3x150,249,6972,5022.64,1,AHP-PL-EL-PDF-PSW-01 PV System Wiring Diagram T01 Rev_00.pdf
T01,10,T01-INV10,9,T01-INV10-S09,28,20,560,406.00,3x150,249,6972,5022.64,1,AHP-PL-EL-PDF-PSW-01 PV System Wiring Diagram T01 Rev_00.pdf
T01,10,T01-INV10,10,T01-INV10-S10,28,20,560,406.00,3x150,249,6972,5022.64,1,AHP-PL-EL-PDF-PSW-01 PV System Wiring Diagram T01 Rev_00.pdf
T01,10,T01-INV10,11,T01-INV10-S11,28,20,560,406.00,3x150,249,6972,5022.64,1,AHP-PL-EL-PDF-PSW-01 PV System Wiring Diagram T01 Rev_00.pdf
T01,10,T01-INV10,12,T01-INV10-S12,28,20,560,406.00,3x150,249,6972,5022.64,1,AHP-PL-EL-PDF-PSW-01 PV System Wiring Diagram T01 Rev_00.pdf
T01,10,T01-INV10,13,T01-INV10-S13,28,20,560,406.00,3x150,249,6972,5022.64,1,AHP-PL-EL-PDF-PSW-01 PV System Wiring Diagram T01 Rev_00.pdf
T01,10,T01-INV10,14,T01-INV10-S14,28,20,560,406.00,3x150,249,6972,5022.64,1,AHP-PL-EL-PDF-PSW-01 PV System Wiring Diagram T01 Rev_00.pdf
T01,10,T01-INV10,15,T01-INV10-S15,28,20,560,406.00,3x150,249,6972,5022.64,1,AHP-PL-EL-PDF-PSW-01 PV System Wiring Diagram T01 Rev_00.pdf
T01,10,T01-INV10,16,T01-INV10-S16,28,20,560,406.00,3x150,249,6972,5022.64,1,AHP-PL-EL-PDF-PSW-01 PV System Wiring Diagram T01 Rev_00.pdf
T01,10,T01-INV10,17,T01-INV10-S17,28,20,560,406.00,3x150,249,6972,5022.64,1,AHP-PL-EL-PDF-PSW-01 PV System Wiring Diagram T01 Rev_00.pdf
T01,10,T01-INV10,18,T01-INV10-S18,28,20,560,406.00,3x150,249,6972,5022.64,1,AHP-PL-EL-PDF-PSW-01 PV System Wiring Diagram T01 Rev_00.pdf
T01,10,T01-INV10,19,T01-INV10-S19,28,20,560,406.00,3x150,249,6972,5022.64,1,AHP-PL-EL-PDF-PSW-01 PV System Wiring Diagram T01 Rev_00.pdf
T01,10,T01-INV10,20,T01-INV10-S20,28,20,560,406.00,3x150,249,6972,5022.64,1,AHP-PL-EL-PDF-PSW-01 PV System Wiring Diagram T01 Rev_00.pdf
T01,11,T01-INV11,1,T01-INV11-S01,28,21,588,426.30,3x150,249,6972,5022.64,1,AHP-PL-EL-PDF-PSW-01 PV System Wiring Diagram T01 Rev_00.pdf
T01,11,T01-INV11,2,T01-INV11-S02,28,21,588,426.30,3x150,249,6972,5022.64,1,AHP-PL-EL-PDF-PSW-01 PV System Wiring Diagram T01 Rev_00.pdf
T01,11,T01-INV11,3,T01-INV11-S03,28,21,588,426.30,3x150,249,6972,5022.64,1,AHP-PL-EL-PDF-PSW-01 PV System Wiring Diagram T01 Rev_00.pdf
T01,11,T01-INV11,4,T01-INV11-S04,28,21,588,426.30,3x150,249,6972,5022.64,1,AHP-PL-EL-PDF-PSW-01 PV System Wiring Diagram T01 Rev_00.pdf
T01,11,T01-INV11,5,T01-INV11-S05,28,21,588,426.30,3x150,249,6972,5022.64,1,AHP-PL-EL-PDF-PSW-01 PV System Wiring Diagram T01 Rev_00.pdf
T01,11,T01-INV11,6,T01-INV11-S06,28,21,588,426.30,3x150,249,6972,5022.64,1,AHP-PL-EL-PDF-PSW-01 PV System Wiring Diagram T01 Rev_00.pdf
T01,11,T01-INV11,7,T01-INV11-S07,28,21,588,426.30,3x150,249,6972,5022.64,1,AHP-PL-EL-PDF-PSW-01 PV System Wiring Diagram T01 Rev_00.pdf
T01,11,T01-INV11,8,T01-INV11-S08,28,21,588,426.30,3x150,249,6972,5022.64,1,AHP-PL-EL-PDF-PSW-01 PV System Wiring Diagram T01 Rev_00.pdf
T01,11,T01-INV11,9,T01-INV11-S09,28,21,588,426.30,3x150,249,6972,5022.64,1,AHP-PL-EL-PDF-PSW-01 PV System Wiring Diagram T01 Rev_00.pdf
T01,11,T01-INV11,10,T01-INV11-S10,28,21,588,426.30,3x150,249,6972,5022.64,1,AHP-PL-EL-PDF-PSW-01 PV System Wiring Diagram T01 Rev_00.pdf
T01,11,T01-INV11,11,T01-INV11-S11,28,21,588,426.30,3x150,249,6972,5022.64,1,AHP-PL-EL-PDF-PSW-01 PV System Wiring Diagram T01 Rev_00.pdf
T01,11,T01-INV11,12,T01-INV11-S12,28,21,588,426.30,3x150,249,6972,5022.64,1,AHP-PL-EL-PDF-PSW-01 PV System Wiring Diagram T01 Rev_00.pdf
T01,11,T01-INV11,13,T01-INV11-S13,28,21,588,426.30,3x150,249,6972,5022.64,1,AHP-PL-EL-PDF-PSW-01 PV System Wiring Diagram T01 Rev_00.pdf
T01,11,T01-INV11,14,T01-INV11-S14,28,21,588,426.30,3x150,249,6972,5022.64,1,AHP-PL-EL-PDF-PSW-01 PV System Wiring Diagram T01 Rev_00.pdf
T01,11,T01-INV11,15,T01-INV11-S15,28,21,588,426.30,3x150,249,6972,5022.64,1,AHP-PL-EL-PDF-PSW-01 PV System Wiring Diagram T01 Rev_00.pdf
T01,11,T01-INV11,16,T01-INV11-S16,28,21,588,426.30,3x150,249,6972,5022.64,1,AHP-PL-EL-PDF-PSW-01 PV System Wiring Diagram T01 Rev_00.pdf
T01,11,T01-INV11,17,T01-INV11-S17,28,21,588,426.30,3x150,249,6972,5022.64,1,AHP-PL-EL-PDF-PSW-01 PV System Wiring Diagram T01 Rev_00.pdf
T01,11,T01-INV11,18,T01-INV11-S18,28,21,588,426.30,3x150,249,6972,5022.64,1,AHP-PL-EL-PDF-PSW-01 PV System Wiring Diagram T01 Rev_00.pdf
T01,11,T01-INV11,19,T01-INV11-S19,28,21,588,426.30,3x150,249,6972,5022.64,1,AHP-PL-EL-PDF-PSW-01 PV System Wiring Diagram T01 Rev_00.pdf
T01,11,T01-INV11,20,T01-INV11-S20,28,21,588,426.30,3x150,249,6972,5022.64,1,AHP-PL-EL-PDF-PSW-01 PV System Wiring Diagram T01 Rev_00.pdf
T01,11,T01-INV11,21,T01-INV11-S21,28,21,588,426.30,3x150,249,6972,5022.64,1,AHP-PL-EL-PDF-PSW-01 PV System Wiring Diagram T01 Rev_00.pdf
T01,12,T01-INV12,1,T01-INV12-S01,28,20,560,406.00,3x150,249,6972,5022.64,1,AHP-PL-EL-PDF-PSW-01 PV System Wiring Diagram T01 Rev_00.pdf
T01,12,T01-INV12,2,T01-INV12-S02,28,20,560,406.00,3x150,249,6972,5022.64,1,AHP-PL-EL-PDF-PSW-01 PV System Wiring Diagram T01 Rev_00.pdf
T01,12,T01-INV12,3,T01-INV12-S03,28,20,560,406.00,3x150,249,6972,5022.64,1,AHP-PL-EL-PDF-PSW-01 PV System Wiring Diagram T01 Rev_00.pdf
T01,12,T01-INV12,4,T01-INV12-S04,28,20,560,406.00,3x150,249,6972,5022.64,1,AHP-PL-EL-PDF-PSW-01 PV System Wiring Diagram T01 Rev_00.pdf
T01,12,T01-INV12,5,T01-INV12-S05,28,20,560,406.00,3x150,249,6972,5022.64,1,AHP-PL-EL-PDF-PSW-01 PV System Wiring Diagram T01 Rev_00.pdf
T01,12,T01-INV12,6,T01-INV12-S06,28,20,560,406.00,3x150,249,6972,5022.64,1,AHP-PL-EL-PDF-PSW-01 PV System Wiring Diagram T01 Rev_00.pdf
T01,12,T01-INV12,7,T01-INV12-S07,28,20,560,406.00,3x150,249,6972,5022.64,1,AHP-PL-EL-PDF-PSW-01 PV System Wiring Diagram T01 Rev_00.pdf
T01,12,T01-INV12,8,T01-INV12-S08,28,20,560,406.00,3x150,249,6972,5022.64,1,AHP-PL-EL-PDF-PSW-01 PV System Wiring Diagram T01 Rev_00.pdf
T01,12,T01-INV12,9,T01-INV12-S09,28,20,560,406.00,3x150,249,6972,5022.64,1,AHP-PL-EL-PDF-PSW-01 PV System Wiring Diagram T01 Rev_00.pdf
T01,12,T01-INV12,10,T01-INV12-S10,28,20,560,406.00,3x150,249,6972,5022.64,1,AHP-PL-EL-PDF-PSW-01 PV System Wiring Diagram T01 Rev_00.pdf
T01,12,T01-INV12,11,T01-INV12-S11,28,20,560,406.00,3x150,249,6972,5022.64,1,AHP-PL-EL-PDF-PSW-01 PV System Wiring Diagram T01 Rev_00.pdf
T01,12,T01-INV12,12,T01-INV12-S12,28,20,560,406.00,3x150,249,6972,5022.64,1,AHP-PL-EL-PDF-PSW-01 PV System Wiring Diagram T01 Rev_00.pdf
T01,12,T01-INV12,13,T01-INV12-S13,28,20,560,406.00,3x150,249,6972,5022.64,1,AHP-PL-EL-PDF-PSW-01 PV System Wiring Diagram T01 Rev_00.pdf
T01,12,T01-INV12,14,T01-INV12-S14,28,20,560,406.00,3x150,249,6972,5022.64,1,AHP-PL-EL-PDF-PSW-01 PV System Wiring Diagram T01 Rev_00.pdf
T01,12,T01-INV12,15,T01-INV12-S15,28,20,560,406.00,3x150,249,6972,5022.64,1,AHP-PL-EL-PDF-PSW-01 PV System Wiring Diagram T01 Rev_00.pdf
T01,12,T01-INV12,16,T01-INV12-S16,28,20,560,406.00,3x150,249,6972,5022.64,1,AHP-PL-EL-PDF-PSW-01 PV System Wiring Diagram T01 Rev_00.pdf
T01,12,T01-INV12,17,T01-INV12-S17,28,20,560,406.00,3x150,249,6972,5022.64,1,AHP-PL-EL-PDF-PSW-01 PV System Wiring Diagram T01 Rev_00.pdf
T01,12,T01-INV12,18,T01-INV12-S18,28,20,560,406.00,3x150,249,6972,5022.64,1,AHP-PL-EL-PDF-PSW-01 PV System Wiring Diagram T01 Rev_00.pdf
T01,12,T01-INV12,19,T01-INV12-S19,28,20,560,406.00,3x150,249,6972,5022.64,1,AHP-PL-EL-PDF-PSW-01 PV System Wiring Diagram T01 Rev_00.pdf
T01,12,T01-INV12,20,T01-INV12-S20,28,20,560,406.00,3x150,249,6972,5022.64,1,AHP-PL-EL-PDF-PSW-01 PV System Wiring Diagram T01 Rev_00.pdf
T02,1,T02-INV01,1,T02-INV01-S01,28,21,588,426.30,3x150,249,6972,5022.64,1,AHP-PL-EL-PDF-PSW-02 PV System Wiring Diagram T02 Rev_00.pdf
T02,1,T02-INV01,2,T02-INV01-S02,28,21,588,426.30,3x150,249,6972,5022.64,1,AHP-PL-EL-PDF-PSW-02 PV System Wiring Diagram T02 Rev_00.pdf
T02,1,T02-INV01,3,T02-INV01-S03,28,21,588,426.30,3x150,249,6972,5022.64,1,AHP-PL-EL-PDF-PSW-02 PV System Wiring Diagram T02 Rev_00.pdf
T02,1,T02-INV01,4,T02-INV01-S04,28,21,588,426.30,3x150,249,6972,5022.64,1,AHP-PL-EL-PDF-PSW-02 PV System Wiring Diagram T02 Rev_00.pdf
T02,1,T02-INV01,5,T02-INV01-S05,28,21,588,426.30,3x150,249,6972,5022.64,1,AHP-PL-EL-PDF-PSW-02 PV System Wiring Diagram T02 Rev_00.pdf
T02,1,T02-INV01,6,T02-INV01-S06,28,21,588,426.30,3x150,249,6972,5022.64,1,AHP-PL-EL-PDF-PSW-02 PV System Wiring Diagram T02 Rev_00.pdf
T02,1,T02-INV01,7,T02-INV01-S07,28,21,588,426.30,3x150,249,6972,5022.64,1,AHP-PL-EL-PDF-PSW-02 PV System Wiring Diagram T02 Rev_00.pdf
T02,1,T02-INV01,8,T02-INV01-S08,28,21,588,426.30,3x150,249,6972,5022.64,1,AHP-PL-EL-PDF-PSW-02 PV System Wiring Diagram T02 Rev_00.pdf
T02,1,T02-INV01,9,T02-INV01-S09,28,21,588,426.30,3x150,249,6972,5022.64,1,AHP-PL-EL-PDF-PSW-02 PV System Wiring Diagram T02 Rev_00.pdf
T02,1,T02-INV01,10,T02-INV01-S10,28,21,588,426.30,3x150,249,6972,5022.64,1,AHP-PL-EL-PDF-PSW-02 PV System Wiring Diagram T02 Rev_00.pdf
T02,1,T02-INV01,11,T02-INV01-S11,28,21,588,426.30,3x150,249,6972,5022.64,1,AHP-PL-EL-PDF-PSW-02 PV System Wiring Diagram T02 Rev_00.pdf
T02,1,T02-INV01,12,T02-INV01-S12,28,21,588,426.30,3x150,249,6972,5022.64,1,AHP-PL-EL-PDF-PSW-02 PV System Wiring Diagram T02 Rev_00.pdf
T02,1,T02-INV01,13,T02-INV01-S13,28,21,588,426.30,3x150,249,6972,5022.64,1,AHP-PL-EL-PDF-PSW-02 PV System Wiring Diagram T02 Rev_00.pdf
T02,1,T02-INV01,14,T02-INV01-S14,28,21,588,426.30,3x150,249,6972,5022.64,1,AHP-PL-EL-PDF-PSW-02 PV System Wiring Diagram T02 Rev_00.pdf
T02,1,T02-INV01,15,T02-INV01-S15,28,21,588,426.30,3x150,249,6972,5022.64,1,AHP-PL-EL-PDF-PSW-02 PV System Wiring Diagram T02 Rev_00.pdf
T02,1,T02-INV01,16,T02-INV01-S16,28,21,588,426.30,3x150,249,6972,5022.64,1,AHP-PL-EL-PDF-PSW-02 PV System Wiring Diagram T02 Rev_00.pdf
T02,1,T02-INV01,17,T02-INV01-S17,28,21,588,426.30,3x150,249,6972,5022.64,1,AHP-PL-EL-PDF-PSW-02 PV System Wiring Diagram T02 Rev_00.pdf
T02,1,T02-INV01,18,T02-INV01-S18,28,21,588,426.30,3x150,249,6972,5022.64,1,AHP-PL-EL-PDF-PSW-02 PV System Wiring Diagram T02 Rev_00.pdf
T02,1,T02-INV01,19,T02-INV01-S19,28,21,588,426.30,3x150,249,6972,5022.64,1,AHP-PL-EL-PDF-PSW-02 PV System Wiring Diagram T02 Rev_00.pdf
T02,1,T02-INV01,20,T02-INV01-S20,28,21,588,426.30,3x150,249,6972,5022.64,1,AHP-PL-EL-PDF-PSW-02 PV System Wiring Diagram T02 Rev_00.pdf
T02,1,T02-INV01,21,T02-INV01-S21,28,21,588,426.30,3x150,249,6972,5022.64,1,AHP-PL-EL-PDF-PSW-02 PV System Wiring Diagram T02 Rev_00.pdf
T02,2,T02-INV02,1,T02-INV02-S01,28,21,588,426.30,3x150,249,6972,5022.64,1,AHP-PL-EL-PDF-PSW-02 PV System Wiring Diagram T02 Rev_00.pdf
T02,2,T02-INV02,2,T02-INV02-S02,28,21,588,426.30,3x150,249,6972,5022.64,1,AHP-PL-EL-PDF-PSW-02 PV System Wiring Diagram T02 Rev_00.pdf
T02,2,T02-INV02,3,T02-INV02-S03,28,21,588,426.30,3x150,249,6972,5022.64,1,AHP-PL-EL-PDF-PSW-02 PV System Wiring Diagram T02 Rev_00.pdf
T02,2,T02-INV02,4,T02-INV02-S04,28,21,588,426.30,3x150,249,6972,5022.64,1,AHP-PL-EL-PDF-PSW-02 PV System Wiring Diagram T02 Rev_00.pdf
T02,2,T02-INV02,5,T02-INV02-S05,28,21,588,426.30,3x150,249,6972,5022.64,1,AHP-PL-EL-PDF-PSW-02 PV System Wiring Diagram T02 Rev_00.pdf
T02,2,T02-INV02,6,T02-INV02-S06,28,21,588,426.30,3x150,249,6972,5022.64,1,AHP-PL-EL-PDF-PSW-02 PV System Wiring Diagram T02 Rev_00.pdf
T02,2,T02-INV02,7,T02-INV02-S07,28,21,588,426.30,3x150,249,6972,5022.64,1,AHP-PL-EL-PDF-PSW-02 PV System Wiring Diagram T02 Rev_00.pdf
T02,2,T02-INV02,8,T02-INV02-S08,28,21,588,426.30,3x150,249,6972,5022.64,1,AHP-PL-EL-PDF-PSW-02 PV System Wiring Diagram T02 Rev_00.pdf
T02,2,T02-INV02,9,T02-INV02-S09,28,21,588,426.30,3x150,249,6972,5022.64,1,AHP-PL-EL-PDF-PSW-02 PV System Wiring Diagram T02 Rev_00.pdf
T02,2,T02-INV02,10,T02-INV02-S10,28,21,588,426.30,3x150,249,6972,5022.64,1,AHP-PL-EL-PDF-PSW-02 PV System Wiring Diagram T02 Rev_00.pdf
T02,2,T02-INV02,11,T02-INV02-S11,28,21,588,426.30,3x150,249,6972,5022.64,1,AHP-PL-EL-PDF-PSW-02 PV System Wiring Diagram T02 Rev_00.pdf
T02,2,T02-INV02,12,T02-INV02-S12,28,21,588,426.30,3x150,249,6972,5022.64,1,AHP-PL-EL-PDF-PSW-02 PV System Wiring Diagram T02 Rev_00.pdf
T02,2,T02-INV02,13,T02-INV02-S13,28,21,588,426.30,3x150,249,6972,5022.64,1,AHP-PL-EL-PDF-PSW-02 PV System Wiring Diagram T02 Rev_00.pdf
T02,2,T02-INV02,14,T02-INV02-S14,28,21,588,426.30,3x150,249,6972,5022.64,1,AHP-PL-EL-PDF-PSW-02 PV System Wiring Diagram T02 Rev_00.pdf
T02,2,T02-INV02,15,T02-INV02-S15,28,21,588,426.30,3x150,249,6972,5022.64,1,AHP-PL-EL-PDF-PSW-02 PV System Wiring Diagram T02 Rev_00.pdf
T02,2,T02-INV02,16,T02-INV02-S16,28,21,588,426.30,3x150,249,6972,5022.64,1,AHP-PL-EL-PDF-PSW-02 PV System Wiring Diagram T02 Rev_00.pdf
T02,2,T02-INV02,17,T02-INV02-S17,28,21,588,426.30,3x150,249,6972,5022.64,1,AHP-PL-EL-PDF-PSW-02 PV System Wiring Diagram T02 Rev_00.pdf
T02,2,T02-INV02,18,T02-INV02-S18,28,21,588,426.30,3x150,249,6972,5022.64,1,AHP-PL-EL-PDF-PSW-02 PV System Wiring Diagram T02 Rev_00.pdf
T02,2,T02-INV02,19,T02-INV02-S19,28,21,588,426.30,3x150,249,6972,5022.64,1,AHP-PL-EL-PDF-PSW-02 PV System Wiring Diagram T02 Rev_00.pdf
T02,2,T02-INV02,20,T02-INV02-S20,28,21,588,426.30,3x150,249,6972,5022.64,1,AHP-PL-EL-PDF-PSW-02 PV System Wiring Diagram T02 Rev_00.pdf
T02,2,T02-INV02,21,T02-INV02-S21,28,21,588,426.30,3x150,249,6972,5022.64,1,AHP-PL-EL-PDF-PSW-02 PV System Wiring Diagram T02 Rev_00.pdf
T02,3,T02-INV03,1,T02-INV03-S01,28,21,588,426.30,3x150,249,6972,5022.64,1,AHP-PL-EL-PDF-PSW-02 PV System Wiring Diagram T02 Rev_00.pdf
T02,3,T02-INV03,2,T02-INV03-S02,28,21,588,426.30,3x150,249,6972,5022.64,1,AHP-PL-EL-PDF-PSW-02 PV System Wiring Diagram T02 Rev_00.pdf
T02,3,T02-INV03,3,T02-INV03-S03,28,21,588,426.30,3x150,249,6972,5022.64,1,AHP-PL-EL-PDF-PSW-02 PV System Wiring Diagram T02 Rev_00.pdf
T02,3,T02-INV03,4,T02-INV03-S04,28,21,588,426.30,3x150,249,6972,5022.64,1,AHP-PL-EL-PDF-PSW-02 PV System Wiring Diagram T02 Rev_00.pdf
T02,3,T02-INV03,5,T02-INV03-S05,28,21,588,426.30,3x150,249,6972,5022.64,1,AHP-PL-EL-PDF-PSW-02 PV System Wiring Diagram T02 Rev_00.pdf
T02,3,T02-INV03,6,T02-INV03-S06,28,21,588,426.30,3x150,249,6972,5022.64,1,AHP-PL-EL-PDF-PSW-02 PV System Wiring Diagram T02 Rev_00.pdf
T02,3,T02-INV03,7,T02-INV03-S07,28,21,588,426.30,3x150,249,6972,5022.64,1,AHP-PL-EL-PDF-PSW-02 PV System Wiring Diagram T02 Rev_00.pdf
T02,3,T02-INV03,8,T02-INV03-S08,28,21,588,426.30,3x150,249,6972,5022.64,1,AHP-PL-EL-PDF-PSW-02 PV System Wiring Diagram T02 Rev_00.pdf
T02,3,T02-INV03,9,T02-INV03-S09,28,21,588,426.30,3x150,249,6972,5022.64,1,AHP-PL-EL-PDF-PSW-02 PV System Wiring Diagram T02 Rev_00.pdf
T02,3,T02-INV03,10,T02-INV03-S10,28,21,588,426.30,3x150,249,6972,5022.64,1,AHP-PL-EL-PDF-PSW-02 PV System Wiring Diagram T02 Rev_00.pdf
T02,3,T02-INV03,11,T02-INV03-S11,28,21,588,426.30,3x150,249,6972,5022.64,1,AHP-PL-EL-PDF-PSW-02 PV System Wiring Diagram T02 Rev_00.pdf
T02,3,T02-INV03,12,T02-INV03-S12,28,21,588,426.30,3x150,249,6972,5022.64,1,AHP-PL-EL-PDF-PSW-02 PV System Wiring Diagram T02 Rev_00.pdf
T02,3,T02-INV03,13,T02-INV03-S13,28,21,588,426.30,3x150,249,6972,5022.64,1,AHP-PL-EL-PDF-PSW-02 PV System Wiring Diagram T02 Rev_00.pdf
T02,3,T02-INV03,14,T02-INV03-S14,28,21,588,426.30,3x150,249,6972,5022.64,1,AHP-PL-EL-PDF-PSW-02 PV System Wiring Diagram T02 Rev_00.pdf
T02,3,T02-INV03,15,T02-INV03-S15,28,21,588,426.30,3x150,249,6972,5022.64,1,AHP-PL-EL-PDF-PSW-02 PV System Wiring Diagram T02 Rev_00.pdf
T02,3,T02-INV03,16,T02-INV03-S16,28,21,588,426.30,3x150,249,6972,5022.64,1,AHP-PL-EL-PDF-PSW-02 PV System Wiring Diagram T02 Rev_00.pdf
T02,3,T02-INV03,17,T02-INV03-S17,28,21,588,426.30,3x150,249,6972,5022.64,1,AHP-PL-EL-PDF-PSW-02 PV System Wiring Diagram T02 Rev_00.pdf
T02,3,T02-INV03,18,T02-INV03-S18,28,21,588,426.30,3x150,249,6972,5022.64,1,AHP-PL-EL-PDF-PSW-02 PV System Wiring Diagram T02 Rev_00.pdf
T02,3,T02-INV03,19,T02-INV03-S19,28,21,588,426.30,3x150,249,6972,5022.64,1,AHP-PL-EL-PDF-PSW-02 PV System Wiring Diagram T02 Rev_00.pdf
T02,3,T02-INV03,20,T02-INV03-S20,28,21,588,426.30,3x150,249,6972,5022.64,1,AHP-PL-EL-PDF-PSW-02 PV System Wiring Diagram T02 Rev_00.pdf
T02,3,T02-INV03,21,T02-INV03-S21,28,21,588,426.30,3x150,249,6972,5022.64,1,AHP-PL-EL-PDF-PSW-02 PV System Wiring Diagram T02 Rev_00.pdf
T02,4,T02-INV04,1,T02-INV04-S01,28,21,588,426.30,3x150,249,6972,5022.64,1,AHP-PL-EL-PDF-PSW-02 PV System Wiring Diagram T02 Rev_00.pdf
T02,4,T02-INV04,2,T02-INV04-S02,28,21,588,426.30,3x150,249,6972,5022.64,1,AHP-PL-EL-PDF-PSW-02 PV System Wiring Diagram T02 Rev_00.pdf
T02,4,T02-INV04,3,T02-INV04-S03,28,21,588,426.30,3x150,249,6972,5022.64,1,AHP-PL-EL-PDF-PSW-02 PV System Wiring Diagram T02 Rev_00.pdf
T02,4,T02-INV04,4,T02-INV04-S04,28,21,588,426.30,3x150,249,6972,5022.64,1,AHP-PL-EL-PDF-PSW-02 PV System Wiring Diagram T02 Rev_00.pdf
T02,4,T02-INV04,5,T02-INV04-S05,28,21,588,426.30,3x150,249,6972,5022.64,1,AHP-PL-EL-PDF-PSW-02 PV System Wiring Diagram T02 Rev_00.pdf
T02,4,T02-INV04,6,T02-INV04-S06,28,21,588,426.30,3x150,249,6972,5022.64,1,AHP-PL-EL-PDF-PSW-02 PV System Wiring Diagram T02 Rev_00.pdf
T02,4,T02-INV04,7,T02-INV04-S07,28,21,588,426.30,3x150,249,6972,5022.64,1,AHP-PL-EL-PDF-PSW-02 PV System Wiring Diagram T02 Rev_00.pdf
T02,4,T02-INV04,8,T02-INV04-S08,28,21,588,426.30,3x150,249,6972,5022.64,1,AHP-PL-EL-PDF-PSW-02 PV System Wiring Diagram T02 Rev_00.pdf
T02,4,T02-INV04,9,T02-INV04-S09,28,21,588,426.30,3x150,249,6972,5022.64,1,AHP-PL-EL-PDF-PSW-02 PV System Wiring Diagram T02 Rev_00.pdf
T02,4,T02-INV04,10,T02-INV04-S10,28,21,588,426.30,3x150,249,6972,5022.64,1,AHP-PL-EL-PDF-PSW-02 PV System Wiring Diagram T02 Rev_00.pdf
T02,4,T02-INV04,11,T02-INV04-S11,28,21,588,426.30,3x150,249,6972,5022.64,1,AHP-PL-EL-PDF-PSW-02 PV System Wiring Diagram T02 Rev_00.pdf
T02,4,T02-INV04,12,T02-INV04-S12,28,21,588,426.30,3x150,249,6972,5022.64,1,AHP-PL-EL-PDF-PSW-02 PV System Wiring Diagram T02 Rev_00.pdf
T02,4,T02-INV04,13,T02-INV04-S13,28,21,588,426.30,3x150,249,6972,5022.64,1,AHP-PL-EL-PDF-PSW-02 PV System Wiring Diagram T02 Rev_00.pdf
T02,4,T02-INV04,14,T02-INV04-S14,28,21,588,426.30,3x150,249,6972,5022.64,1,AHP-PL-EL-PDF-PSW-02 PV System Wiring Diagram T02 Rev_00.pdf
T02,4,T02-INV04,15,T02-INV04-S15,28,21,588,426.30,3x150,249,6972,5022.64,1,AHP-PL-EL-PDF-PSW-02 PV System Wiring Diagram T02 Rev_00.pdf
T02,4,T02-INV04,16,T02-INV04-S16,28,21,588,426.30,3x150,249,6972,5022.64,1,AHP-PL-EL-PDF-PSW-02 PV System Wiring Diagram T02 Rev_00.pdf
T02,4,T02-INV04,17,T02-INV04-S17,28,21,588,426.30,3x150,249,6972,5022.64,1,AHP-PL-EL-PDF-PSW-02 PV System Wiring Diagram T02 Rev_00.pdf
T02,4,T02-INV04,18,T02-INV04-S18,28,21,588,426.30,3x150,249,6972,5022.64,1,AHP-PL-EL-PDF-PSW-02 PV System Wiring Diagram T02 Rev_00.pdf
T02,4,T02-INV04,19,T02-INV04-S19,28,21,588,426.30,3x150,249,6972,5022.64,1,AHP-PL-EL-PDF-PSW-02 PV System Wiring Diagram T02 Rev_00.pdf
T02,4,T02-INV04,20,T02-INV04-S20,28,21,588,426.30,3x150,249,6972,5022.64,1,AHP-PL-EL-PDF-PSW-02 PV System Wiring Diagram T02 Rev_00.pdf
T02,4,T02-INV04,21,T02-INV04-S21,28,21,588,426.30,3x150,249,6972,5022.64,1,AHP-PL-EL-PDF-PSW-02 PV System Wiring Diagram T02 Rev_00.pdf
T02,5,T02-INV05,1,T02-INV05-S01,28,21,588,426.30,3x150,249,6972,5022.64,1,AHP-PL-EL-PDF-PSW-02 PV System Wiring Diagram T02 Rev_00.pdf
T02,5,T02-INV05,2,T02-INV05-S02,28,21,588,426.30,3x150,249,6972,5022.64,1,AHP-PL-EL-PDF-PSW-02 PV System Wiring Diagram T02 Rev_00.pdf
T02,5,T02-INV05,3,T02-INV05-S03,28,21,588,426.30,3x150,249,6972,5022.64,1,AHP-PL-EL-PDF-PSW-02 PV System Wiring Diagram T02 Rev_00.pdf
T02,5,T02-INV05,4,T02-INV05-S04,28,21,588,426.30,3x150,249,6972,5022.64,1,AHP-PL-EL-PDF-PSW-02 PV System Wiring Diagram T02 Rev_00.pdf
T02,5,T02-INV05,5,T02-INV05-S05,28,21,588,426.30,3x150,249,6972,5022.64,1,AHP-PL-EL-PDF-PSW-02 PV System Wiring Diagram T02 Rev_00.pdf
T02,5,T02-INV05,6,T02-INV05-S06,28,21,588,426.30,3x150,249,6972,5022.64,1,AHP-PL-EL-PDF-PSW-02 PV System Wiring Diagram T02 Rev_00.pdf
T02,5,T02-INV05,7,T02-INV05-S07,28,21,588,426.30,3x150,249,6972,5022.64,1,AHP-PL-EL-PDF-PSW-02 PV System Wiring Diagram T02 Rev_00.pdf
T02,5,T02-INV05,8,T02-INV05-S08,28,21,588,426.30,3x150,249,6972,5022.64,1,AHP-PL-EL-PDF-PSW-02 PV System Wiring Diagram T02 Rev_00.pdf
T02,5,T02-INV05,9,T02-INV05-S09,28,21,588,426.30,3x150,249,6972,5022.64,1,AHP-PL-EL-PDF-PSW-02 PV System Wiring Diagram T02 Rev_00.pdf
T02,5,T02-INV05,10,T02-INV05-S10,28,21,588,426.30,3x150,249,6972,5022.64,1,AHP-PL-EL-PDF-PSW-02 PV System Wiring Diagram T02 Rev_00.pdf
T02,5,T02-INV05,11,T02-INV05-S11,28,21,588,426.30,3x150,249,6972,5022.64,1,AHP-PL-EL-PDF-PSW-02 PV System Wiring Diagram T02 Rev_00.pdf
T02,5,T02-INV05,12,T02-INV05-S12,28,21,588,426.30,3x150,249,6972,5022.64,1,AHP-PL-EL-PDF-PSW-02 PV System Wiring Diagram T02 Rev_00.pdf
T02,5,T02-INV05,13,T02-INV05-S13,28,21,588,426.30,3x150,249,6972,5022.64,1,AHP-PL-EL-PDF-PSW-02 PV System Wiring Diagram T02 Rev_00.pdf
T02,5,T02-INV05,14,T02-INV05-S14,28,21,588,426.30,3x150,249,6972,5022.64,1,AHP-PL-EL-PDF-PSW-02 PV System Wiring Diagram T02 Rev_00.pdf
T02,5,T02-INV05,15,T02-INV05-S15,28,21,588,426.30,3x150,249,6972,5022.64,1,AHP-PL-EL-PDF-PSW-02 PV System Wiring Diagram T02 Rev_00.pdf
T02,5,T02-INV05,16,T02-INV05-S16,28,21,588,426.30,3x150,249,6972,5022.64,1,AHP-PL-EL-PDF-PSW-02 PV System Wiring Diagram T02 Rev_00.pdf
T02,5,T02-INV05,17,T02-INV05-S17,28,21,588,426.30,3x150,249,6972,5022.64,1,AHP-PL-EL-PDF-PSW-02 PV System Wiring Diagram T02 Rev_00.pdf
T02,5,T02-INV05,18,T02-INV05-S18,28,21,588,426.30,3x150,249,6972,5022.64,1,AHP-PL-EL-PDF-PSW-02 PV System Wiring Diagram T02 Rev_00.pdf
T02,5,T02-INV05,19,T02-INV05-S19,28,21,588,426.30,3x150,249,6972,5022.64,1,AHP-PL-EL-PDF-PSW-02 PV System Wiring Diagram T02 Rev_00.pdf
T02,5,T02-INV05,20,T02-INV05-S20,28,21,588,426.30,3x150,249,6972,5022.64,1,AHP-PL-EL-PDF-PSW-02 PV System Wiring Diagram T02 Rev_00.pdf
T02,5,T02-INV05,21,T02-INV05-S21,28,21,588,426.30,3x150,249,6972,5022.64,1,AHP-PL-EL-PDF-PSW-02 PV System Wiring Diagram T02 Rev_00.pdf
T02,6,T02-INV06,1,T02-INV06-S01,28,21,588,426.30,3x150,249,6972,5022.64,1,AHP-PL-EL-PDF-PSW-02 PV System Wiring Diagram T02 Rev_00.pdf
T02,6,T02-INV06,2,T02-INV06-S02,28,21,588,426.30,3x150,249,6972,5022.64,1,AHP-PL-EL-PDF-PSW-02 PV System Wiring Diagram T02 Rev_00.pdf
T02,6,T02-INV06,3,T02-INV06-S03,28,21,588,426.30,3x150,249,6972,5022.64,1,AHP-PL-EL-PDF-PSW-02 PV System Wiring Diagram T02 Rev_00.pdf
T02,6,T02-INV06,4,T02-INV06-S04,28,21,588,426.30,3x150,249,6972,5022.64,1,AHP-PL-EL-PDF-PSW-02 PV System Wiring Diagram T02 Rev_00.pdf
T02,6,T02-INV06,5,T02-INV06-S05,28,21,588,426.30,3x150,249,6972,5022.64,1,AHP-PL-EL-PDF-PSW-02 PV System Wiring Diagram T02 Rev_00.pdf
T02,6,T02-INV06,6,T02-INV06-S06,28,21,588,426.30,3x150,249,6972,5022.64,1,AHP-PL-EL-PDF-PSW-02 PV System Wiring Diagram T02 Rev_00.pdf
T02,6,T02-INV06,7,T02-INV06-S07,28,21,588,426.30,3x150,249,6972,5022.64,1,AHP-PL-EL-PDF-PSW-02 PV System Wiring Diagram T02 Rev_00.pdf
T02,6,T02-INV06,8,T02-INV06-S08,28,21,588,426.30,3x150,249,6972,5022.64,1,AHP-PL-EL-PDF-PSW-02 PV System Wiring Diagram T02 Rev_00.pdf
T02,6,T02-INV06,9,T02-INV06-S09,28,21,588,426.30,3x150,249,6972,5022.64,1,AHP-PL-EL-PDF-PSW-02 PV System Wiring Diagram T02 Rev_00.pdf
T02,6,T02-INV06,10,T02-INV06-S10,28,21,588,426.30,3x150,249,6972,5022.64,1,AHP-PL-EL-PDF-PSW-02 PV System Wiring Diagram T02 Rev_00.pdf
T02,6,T02-INV06,11,T02-INV06-S11,28,21,588,426.30,3x150,249,6972,5022.64,1,AHP-PL-EL-PDF-PSW-02 PV System Wiring Diagram T02 Rev_00.pdf
T02,6,T02-INV06,12,T02-INV06-S12,28,21,588,426.30,3x150,249,6972,5022.64,1,AHP-PL-EL-PDF-PSW-02 PV System Wiring Diagram T02 Rev_00.pdf
T02,6,T02-INV06,13,T02-INV06-S13,28,21,588,426.30,3x150,249,6972,5022.64,1,AHP-PL-EL-PDF-PSW-02 PV System Wiring Diagram T02 Rev_00.pdf
T02,6,T02-INV06,14,T02-INV06-S14,28,21,588,426.30,3x150,249,6972,5022.64,1,AHP-PL-EL-PDF-PSW-02 PV System Wiring Diagram T02 Rev_00.pdf
T02,6,T02-INV06,15,T02-INV06-S15,28,21,588,426.30,3x150,249,6972,5022.64,1,AHP-PL-EL-PDF-PSW-02 PV System Wiring Diagram T02 Rev_00.pdf
T02,6,T02-INV06,16,T02-INV06-S16,28,21,588,426.30,3x150,249,6972,5022.64,1,AHP-PL-EL-PDF-PSW-02 PV System Wiring Diagram T02 Rev_00.pdf
T02,6,T02-INV06,17,T02-INV06-S17,28,21,588,426.30,3x150,249,6972,5022.64,1,AHP-PL-EL-PDF-PSW-02 PV System Wiring Diagram T02 Rev_00.pdf
T02,6,T02-INV06,18,T02-INV06-S18,28,21,588,426.30,3x150,249,6972,5022.64,1,AHP-PL-EL-PDF-PSW-02 PV System Wiring Diagram T02 Rev_00.pdf
T02,6,T02-INV06,19,T02-INV06-S19,28,21,588,426.30,3x150,249,6972,5022.64,1,AHP-PL-EL-PDF-PSW-02 PV System Wiring Diagram T02 Rev_00.pdf
T02,6,T02-INV06,20,T02-INV06-S20,28,21,588,426.30,3x150,249,6972,5022.64,1,AHP-PL-EL-PDF-PSW-02 PV System Wiring Diagram T02 Rev_00.pdf
T02,6,T02-INV06,21,T02-INV06-S21,28,21,588,426.30,3x150,249,6972,5022.64,1,AHP-PL-EL-PDF-PSW-02 PV System Wiring Diagram T02 Rev_00.pdf
T02,7,T02-INV07,1,T02-INV07-S01,28,21,588,426.30,3x150,249,6972,5022.64,1,AHP-PL-EL-PDF-PSW-02 PV System Wiring Diagram T02 Rev_00.pdf
T02,7,T02-INV07,2,T02-INV07-S02,28,21,588,426.30,3x150,249,6972,5022.64,1,AHP-PL-EL-PDF-PSW-02 PV System Wiring Diagram T02 Rev_00.pdf
T02,7,T02-INV07,3,T02-INV07-S03,28,21,588,426.30,3x150,249,6972,5022.64,1,AHP-PL-EL-PDF-PSW-02 PV System Wiring Diagram T02 Rev_00.pdf
T02,7,T02-INV07,4,T02-INV07-S04,28,21,588,426.30,3x150,249,6972,5022.64,1,AHP-PL-EL-PDF-PSW-02 PV System Wiring Diagram T02 Rev_00.pdf
T02,7,T02-INV07,5,T02-INV07-S05,28,21,588,426.30,3x150,249,6972,5022.64,1,AHP-PL-EL-PDF-PSW-02 PV System Wiring Diagram T02 Rev_00.pdf
T02,7,T02-INV07,6,T02-INV07-S06,28,21,588,426.30,3x150,249,6972,5022.64,1,AHP-PL-EL-PDF-PSW-02 PV System Wiring Diagram T02 Rev_00.pdf
T02,7,T02-INV07,7,T02-INV07-S07,28,21,588,426.30,3x150,249,6972,5022.64,1,AHP-PL-EL-PDF-PSW-02 PV System Wiring Diagram T02 Rev_00.pdf
T02,7,T02-INV07,8,T02-INV07-S08,28,21,588,426.30,3x150,249,6972,5022.64,1,AHP-PL-EL-PDF-PSW-02 PV System Wiring Diagram T02 Rev_00.pdf
T02,7,T02-INV07,9,T02-INV07-S09,28,21,588,426.30,3x150,249,6972,5022.64,1,AHP-PL-EL-PDF-PSW-02 PV System Wiring Diagram T02 Rev_00.pdf
T02,7,T02-INV07,10,T02-INV07-S10,28,21,588,426.30,3x150,249,6972,5022.64,1,AHP-PL-EL-PDF-PSW-02 PV System Wiring Diagram T02 Rev_00.pdf
T02,7,T02-INV07,11,T02-INV07-S11,28,21,588,426.30,3x150,249,6972,5022.64,1,AHP-PL-EL-PDF-PSW-02 PV System Wiring Diagram T02 Rev_00.pdf
T02,7,T02-INV07,12,T02-INV07-S12,28,21,588,426.30,3x150,249,6972,5022.64,1,AHP-PL-EL-PDF-PSW-02 PV System Wiring Diagram T02 Rev_00.pdf
T02,7,T02-INV07,13,T02-INV07-S13,28,21,588,426.30,3x150,249,6972,5022.64,1,AHP-PL-EL-PDF-PSW-02 PV System Wiring Diagram T02 Rev_00.pdf
T02,7,T02-INV07,14,T02-INV07-S14,28,21,588,426.30,3x150,249,6972,5022.64,1,AHP-PL-EL-PDF-PSW-02 PV System Wiring Diagram T02 Rev_00.pdf
T02,7,T02-INV07,15,T02-INV07-S15,28,21,588,426.30,3x150,249,6972,5022.64,1,AHP-PL-EL-PDF-PSW-02 PV System Wiring Diagram T02 Rev_00.pdf
T02,7,T02-INV07,16,T02-INV07-S16,28,21,588,426.30,3x150,249,6972,5022.64,1,AHP-PL-EL-PDF-PSW-02 PV System Wiring Diagram T02 Rev_00.pdf
T02,7,T02-INV07,17,T02-INV07-S17,28,21,588,426.30,3x150,249,6972,5022.64,1,AHP-PL-EL-PDF-PSW-02 PV System Wiring Diagram T02 Rev_00.pdf
T02,7,T02-INV07,18,T02-INV07-S18,28,21,588,426.30,3x150,249,6972,5022.64,1,AHP-PL-EL-PDF-PSW-02 PV System Wiring Diagram T02 Rev_00.pdf
T02,7,T02-INV07,19,T02-INV07-S19,28,21,588,426.30,3x150,249,6972,5022.64,1,AHP-PL-EL-PDF-PSW-02 PV System Wiring Diagram T02 Rev_00.pdf
T02,7,T02-INV07,20,T02-INV07-S20,28,21,588,426.30,3x150,249,6972,5022.64,1,AHP-PL-EL-PDF-PSW-02 PV System Wiring Diagram T02 Rev_00.pdf
T02,7,T02-INV07,21,T02-INV07-S21,28,21,588,426.30,3x150,249,6972,5022.64,1,AHP-PL-EL-PDF-PSW-02 PV System Wiring Diagram T02 Rev_00.pdf
T02,8,T02-INV08,1,T02-INV08-S01,28,20,560,406.00,3x150,249,6972,5022.64,1,AHP-PL-EL-PDF-PSW-02 PV System Wiring Diagram T02 Rev_00.pdf
T02,8,T02-INV08,2,T02-INV08-S02,28,20,560,406.00,3x150,249,6972,5022.64,1,AHP-PL-EL-PDF-PSW-02 PV System Wiring Diagram T02 Rev_00.pdf
T02,8,T02-INV08,3,T02-INV08-S03,28,20,560,406.00,3x150,249,6972,5022.64,1,AHP-PL-EL-PDF-PSW-02 PV System Wiring Diagram T02 Rev_00.pdf
T02,8,T02-INV08,4,T02-INV08-S04,28,20,560,406.00,3x150,249,6972,5022.64,1,AHP-PL-EL-PDF-PSW-02 PV System Wiring Diagram T02 Rev_00.pdf
T02,8,T02-INV08,5,T02-INV08-S05,28,20,560,406.00,3x150,249,6972,5022.64,1,AHP-PL-EL-PDF-PSW-02 PV System Wiring Diagram T02 Rev_00.pdf
T02,8,T02-INV08,6,T02-INV08-S06,28,20,560,406.00,3x150,249,6972,5022.64,1,AHP-PL-EL-PDF-PSW-02 PV System Wiring Diagram T02 Rev_00.pdf
T02,8,T02-INV08,7,T02-INV08-S07,28,20,560,406.00,3x150,249,6972,5022.64,1,AHP-PL-EL-PDF-PSW-02 PV System Wiring Diagram T02 Rev_00.pdf
T02,8,T02-INV08,8,T02-INV08-S08,28,20,560,406.00,3x150,249,6972,5022.64,1,AHP-PL-EL-PDF-PSW-02 PV System Wiring Diagram T02 Rev_00.pdf
T02,8,T02-INV08,9,T02-INV08-S09,28,20,560,406.00,3x150,249,6972,5022.64,1,AHP-PL-EL-PDF-PSW-02 PV System Wiring Diagram T02 Rev_00.pdf
T02,8,T02-INV08,10,T02-INV08-S10,28,20,560,406.00,3x150,249,6972,5022.64,1,AHP-PL-EL-PDF-PSW-02 PV System Wiring Diagram T02 Rev_00.pdf
T02,8,T02-INV08,11,T02-INV08-S11,28,20,560,406.00,3x150,249,6972,5022.64,1,AHP-PL-EL-PDF-PSW-02 PV System Wiring Diagram T02 Rev_00.pdf
T02,8,T02-INV08,12,T02-INV08-S12,28,20,560,406.00,3x150,249,6972,5022.64,1,AHP-PL-EL-PDF-PSW-02 PV System Wiring Diagram T02 Rev_00.pdf
T02,8,T02-INV08,13,T02-INV08-S13,28,20,560,406.00,3x150,249,6972,5022.64,1,AHP-PL-EL-PDF-PSW-02 PV System Wiring Diagram T02 Rev_00.pdf
T02,8,T02-INV08,14,T02-INV08-S14,28,20,560,406.00,3x150,249,6972,5022.64,1,AHP-PL-EL-PDF-PSW-02 PV System Wiring Diagram T02 Rev_00.pdf
T02,8,T02-INV08,15,T02-INV08-S15,28,20,560,406.00,3x150,249,6972,5022.64,1,AHP-PL-EL-PDF-PSW-02 PV System Wiring Diagram T02 Rev_00.pdf
T02,8,T02-INV08,16,T02-INV08-S16,28,20,560,406.00,3x150,249,6972,5022.64,1,AHP-PL-EL-PDF-PSW-02 PV System Wiring Diagram T02 Rev_00.pdf
T02,8,T02-INV08,17,T02-INV08-S17,28,20,560,406.00,3x150,249,6972,5022.64,1,AHP-PL-EL-PDF-PSW-02 PV System Wiring Diagram T02 Rev_00.pdf
T02,8,T02-INV08,18,T02-INV08-S18,28,20,560,406.00,3x150,249,6972,5022.64,1,AHP-PL-EL-PDF-PSW-02 PV System Wiring Diagram T02 Rev_00.pdf
T02,8,T02-INV08,19,T02-INV08-S19,28,20,560,406.00,3x150,249,6972,5022.64,1,AHP-PL-EL-PDF-PSW-02 PV System Wiring Diagram T02 Rev_00.pdf
T02,8,T02-INV08,20,T02-INV08-S20,28,20,560,406.00,3x150,249,6972,5022.64,1,AHP-PL-EL-PDF-PSW-02 PV System Wiring Diagram T02 Rev_00.pdf
T02,9,T02-INV09,1,T02-INV09-S01,28,21,588,426.30,3x150,249,6972,5022.64,1,AHP-PL-EL-PDF-PSW-02 PV System Wiring Diagram T02 Rev_00.pdf
T02,9,T02-INV09,2,T02-INV09-S02,28,21,588,426.30,3x150,249,6972,5022.64,1,AHP-PL-EL-PDF-PSW-02 PV System Wiring Diagram T02 Rev_00.pdf
T02,9,T02-INV09,3,T02-INV09-S03,28,21,588,426.30,3x150,249,6972,5022.64,1,AHP-PL-EL-PDF-PSW-02 PV System Wiring Diagram T02 Rev_00.pdf
T02,9,T02-INV09,4,T02-INV09-S04,28,21,588,426.30,3x150,249,6972,5022.64,1,AHP-PL-EL-PDF-PSW-02 PV System Wiring Diagram T02 Rev_00.pdf
T02,9,T02-INV09,5,T02-INV09-S05,28,21,588,426.30,3x150,249,6972,5022.64,1,AHP-PL-EL-PDF-PSW-02 PV System Wiring Diagram T02 Rev_00.pdf
T02,9,T02-INV09,6,T02-INV09-S06,28,21,588,426.30,3x150,249,6972,5022.64,1,AHP-PL-EL-PDF-PSW-02 PV System Wiring Diagram T02 Rev_00.pdf
T02,9,T02-INV09,7,T02-INV09-S07,28,21,588,426.30,3x150,249,6972,5022.64,1,AHP-PL-EL-PDF-PSW-02 PV System Wiring Diagram T02 Rev_00.pdf
T02,9,T02-INV09,8,T02-INV09-S08,28,21,588,426.30,3x150,249,6972,5022.64,1,AHP-PL-EL-PDF-PSW-02 PV System Wiring Diagram T02 Rev_00.pdf
T02,9,T02-INV09,9,T02-INV09-S09,28,21,588,426.30,3x150,249,6972,5022.64,1,AHP-PL-EL-PDF-PSW-02 PV System Wiring Diagram T02 Rev_00.pdf
T02,9,T02-INV09,10,T02-INV09-S10,28,21,588,426.30,3x150,249,6972,5022.64,1,AHP-PL-EL-PDF-PSW-02 PV System Wiring Diagram T02 Rev_00.pdf
T02,9,T02-INV09,11,T02-INV09-S11,28,21,588,426.30,3x150,249,6972,5022.64,1,AHP-PL-EL-PDF-PSW-02 PV System Wiring Diagram T02 Rev_00.pdf
T02,9,T02-INV09,12,T02-INV09-S12,28,21,588,426.30,3x150,249,6972,5022.64,1,AHP-PL-EL-PDF-PSW-02 PV System Wiring Diagram T02 Rev_00.pdf
T02,9,T02-INV09,13,T02-INV09-S13,28,21,588,426.30,3x150,249,6972,5022.64,1,AHP-PL-EL-PDF-PSW-02 PV System Wiring Diagram T02 Rev_00.pdf
T02,9,T02-INV09,14,T02-INV09-S14,28,21,588,426.30,3x150,249,6972,5022.64,1,AHP-PL-EL-PDF-PSW-02 PV System Wiring Diagram T02 Rev_00.pdf
T02,9,T02-INV09,15,T02-INV09-S15,28,21,588,426.30,3x150,249,6972,5022.64,1,AHP-PL-EL-PDF-PSW-02 PV System Wiring Diagram T02 Rev_00.pdf
T02,9,T02-INV09,16,T02-INV09-S16,28,21,588,426.30,3x150,249,6972,5022.64,1,AHP-PL-EL-PDF-PSW-02 PV System Wiring Diagram T02 Rev_00.pdf
T02,9,T02-INV09,17,T02-INV09-S17,28,21,588,426.30,3x150,249,6972,5022.64,1,AHP-PL-EL-PDF-PSW-02 PV System Wiring Diagram T02 Rev_00.pdf
T02,9,T02-INV09,18,T02-INV09-S18,28,21,588,426.30,3x150,249,6972,5022.64,1,AHP-PL-EL-PDF-PSW-02 PV System Wiring Diagram T02 Rev_00.pdf
T02,9,T02-INV09,19,T02-INV09-S19,28,21,588,426.30,3x150,249,6972,5022.64,1,AHP-PL-EL-PDF-PSW-02 PV System Wiring Diagram T02 Rev_00.pdf
T02,9,T02-INV09,20,T02-INV09-S20,28,21,588,426.30,3x150,249,6972,5022.64,1,AHP-PL-EL-PDF-PSW-02 PV System Wiring Diagram T02 Rev_00.pdf
T02,9,T02-INV09,21,T02-INV09-S21,28,21,588,426.30,3x150,249,6972,5022.64,1,AHP-PL-EL-PDF-PSW-02 PV System Wiring Diagram T02 Rev_00.pdf
T02,10,T02-INV10,1,T02-INV10-S01,28,20,560,406.00,3x150,249,6972,5022.64,1,AHP-PL-EL-PDF-PSW-02 PV System Wiring Diagram T02 Rev_00.pdf
T02,10,T02-INV10,2,T02-INV10-S02,28,20,560,406.00,3x150,249,6972,5022.64,1,AHP-PL-EL-PDF-PSW-02 PV System Wiring Diagram T02 Rev_00.pdf
T02,10,T02-INV10,3,T02-INV10-S03,28,20,560,406.00,3x150,249,6972,5022.64,1,AHP-PL-EL-PDF-PSW-02 PV System Wiring Diagram T02 Rev_00.pdf
T02,10,T02-INV10,4,T02-INV10-S04,28,20,560,406.00,3x150,249,6972,5022.64,1,AHP-PL-EL-PDF-PSW-02 PV System Wiring Diagram T02 Rev_00.pdf
T02,10,T02-INV10,5,T02-INV10-S05,28,20,560,406.00,3x150,249,6972,5022.64,1,AHP-PL-EL-PDF-PSW-02 PV System Wiring Diagram T02 Rev_00.pdf
T02,10,T02-INV10,6,T02-INV10-S06,28,20,560,406.00,3x150,249,6972,5022.64,1,AHP-PL-EL-PDF-PSW-02 PV System Wiring Diagram T02 Rev_00.pdf
T02,10,T02-INV10,7,T02-INV10-S07,28,20,560,406.00,3x150,249,6972,5022.64,1,AHP-PL-EL-PDF-PSW-02 PV System Wiring Diagram T02 Rev_00.pdf
T02,10,T02-INV10,8,T02-INV10-S08,28,20,560,406.00,3x150,249,6972,5022.64,1,AHP-PL-EL-PDF-PSW-02 PV System Wiring Diagram T02 Rev_00.pdf
T02,10,T02-INV10,9,T02-INV10-S09,28,20,560,406.00,3x150,249,6972,5022.64,1,AHP-PL-EL-PDF-PSW-02 PV System Wiring Diagram T02 Rev_00.pdf
T02,10,T02-INV10,10,T02-INV10-S10,28,20,560,406.00,3x150,249,6972,5022.64,1,AHP-PL-EL-PDF-PSW-02 PV System Wiring Diagram T02 Rev_00.pdf
T02,10,T02-INV10,11,T02-INV10-S11,28,20,560,406.00,3x150,249,6972,5022.64,1,AHP-PL-EL-PDF-PSW-02 PV System Wiring Diagram T02 Rev_00.pdf
T02,10,T02-INV10,12,T02-INV10-S12,28,20,560,406.00,3x150,249,6972,5022.64,1,AHP-PL-EL-PDF-PSW-02 PV System Wiring Diagram T02 Rev_00.pdf
T02,10,T02-INV10,13,T02-INV10-S13,28,20,560,406.00,3x150,249,6972,5022.64,1,AHP-PL-EL-PDF-PSW-02 PV System Wiring Diagram T02 Rev_00.pdf
T02,10,T02-INV10,14,T02-INV10-S14,28,20,560,406.00,3x150,249,6972,5022.64,1,AHP-PL-EL-PDF-PSW-02 PV System Wiring Diagram T02 Rev_00.pdf
T02,10,T02-INV10,15,T02-INV10-S15,28,20,560,406.00,3x150,249,6972,5022.64,1,AHP-PL-EL-PDF-PSW-02 PV System Wiring Diagram T02 Rev_00.pdf
T02,10,T02-INV10,16,T02-INV10-S16,28,20,560,406.00,3x150,249,6972,5022.64,1,AHP-PL-EL-PDF-PSW-02 PV System Wiring Diagram T02 Rev_00.pdf
T02,10,T02-INV10,17,T02-INV10-S17,28,20,560,406.00,3x150,249,6972,5022.64,1,AHP-PL-EL-PDF-PSW-02 PV System Wiring Diagram T02 Rev_00.pdf
T02,10,T02-INV10,18,T02-INV10-S18,28,20,560,406.00,3x150,249,6972,5022.64,1,AHP-PL-EL-PDF-PSW-02 PV System Wiring Diagram T02 Rev_00.pdf
T02,10,T02-INV10,19,T02-INV10-S19,28,20,560,406.00,3x150,249,6972,5022.64,1,AHP-PL-EL-PDF-PSW-02 PV System Wiring Diagram T02 Rev_00.pdf
T02,10,T02-INV10,20,T02-INV10-S20,28,20,560,406.00,3x150,249,6972,5022.64,1,AHP-PL-EL-PDF-PSW-02 PV System Wiring Diagram T02 Rev_00.pdf
T02,11,T02-INV11,1,T02-INV11-S01,28,21,588,426.30,3x150,249,6972,5022.64,1,AHP-PL-EL-PDF-PSW-02 PV System Wiring Diagram T02 Rev_00.pdf
T02,11,T02-INV11,2,T02-INV11-S02,28,21,588,426.30,3x150,249,6972,5022.64,1,AHP-PL-EL-PDF-PSW-02 PV System Wiring Diagram T02 Rev_00.pdf
T02,11,T02-INV11,3,T02-INV11-S03,28,21,588,426.30,3x150,249,6972,5022.64,1,AHP-PL-EL-PDF-PSW-02 PV System Wiring Diagram T02 Rev_00.pdf
T02,11,T02-INV11,4,T02-INV11-S04,28,21,588,426.30,3x150,249,6972,5022.64,1,AHP-PL-EL-PDF-PSW-02 PV System Wiring Diagram T02 Rev_00.pdf
T02,11,T02-INV11,5,T02-INV11-S05,28,21,588,426.30,3x150,249,6972,5022.64,1,AHP-PL-EL-PDF-PSW-02 PV System Wiring Diagram T02 Rev_00.pdf
T02,11,T02-INV11,6,T02-INV11-S06,28,21,588,426.30,3x150,249,6972,5022.64,1,AHP-PL-EL-PDF-PSW-02 PV System Wiring Diagram T02 Rev_00.pdf
T02,11,T02-INV11,7,T02-INV11-S07,28,21,588,426.30,3x150,249,6972,5022.64,1,AHP-PL-EL-PDF-PSW-02 PV System Wiring Diagram T02 Rev_00.pdf
T02,11,T02-INV11,8,T02-INV11-S08,28,21,588,426.30,3x150,249,6972,5022.64,1,AHP-PL-EL-PDF-PSW-02 PV System Wiring Diagram T02 Rev_00.pdf
T02,11,T02-INV11,9,T02-INV11-S09,28,21,588,426.30,3x150,249,6972,5022.64,1,AHP-PL-EL-PDF-PSW-02 PV System Wiring Diagram T02 Rev_00.pdf
T02,11,T02-INV11,10,T02-INV11-S10,28,21,588,426.30,3x150,249,6972,5022.64,1,AHP-PL-EL-PDF-PSW-02 PV System Wiring Diagram T02 Rev_00.pdf
T02,11,T02-INV11,11,T02-INV11-S11,28,21,588,426.30,3x150,249,6972,5022.64,1,AHP-PL-EL-PDF-PSW-02 PV System Wiring Diagram T02 Rev_00.pdf
T02,11,T02-INV11,12,T02-INV11-S12,28,21,588,426.30,3x150,249,6972,5022.64,1,AHP-PL-EL-PDF-PSW-02 PV System Wiring Diagram T02 Rev_00.pdf
T02,11,T02-INV11,13,T02-INV11-S13,28,21,588,426.30,3x150,249,6972,5022.64,1,AHP-PL-EL-PDF-PSW-02 PV System Wiring Diagram T02 Rev_00.pdf
T02,11,T02-INV11,14,T02-INV11-S14,28,21,588,426.30,3x150,249,6972,5022.64,1,AHP-PL-EL-PDF-PSW-02 PV System Wiring Diagram T02 Rev_00.pdf
T02,11,T02-INV11,15,T02-INV11-S15,28,21,588,426.30,3x150,249,6972,5022.64,1,AHP-PL-EL-PDF-PSW-02 PV System Wiring Diagram T02 Rev_00.pdf
T02,11,T02-INV11,16,T02-INV11-S16,28,21,588,426.30,3x150,249,6972,5022.64,1,AHP-PL-EL-PDF-PSW-02 PV System Wiring Diagram T02 Rev_00.pdf
T02,11,T02-INV11,17,T02-INV11-S17,28,21,588,426.30,3x150,249,6972,5022.64,1,AHP-PL-EL-PDF-PSW-02 PV System Wiring Diagram T02 Rev_00.pdf
T02,11,T02-INV11,18,T02-INV11-S18,28,21,588,426.30,3x150,249,6972,5022.64,1,AHP-PL-EL-PDF-PSW-02 PV System Wiring Diagram T02 Rev_00.pdf
T02,11,T02-INV11,19,T02-INV11-S19,28,21,588,426.30,3x150,249,6972,5022.64,1,AHP-PL-EL-PDF-PSW-02 PV System Wiring Diagram T02 Rev_00.pdf
T02,11,T02-INV11,20,T02-INV11-S20,28,21,588,426.30,3x150,249,6972,5022.64,1,AHP-PL-EL-PDF-PSW-02 PV System Wiring Diagram T02 Rev_00.pdf
T02,11,T02-INV11,21,T02-INV11-S21,28,21,588,426.30,3x150,249,6972,5022.64,1,AHP-PL-EL-PDF-PSW-02 PV System Wiring Diagram T02 Rev_00.pdf
T02,12,T02-INV12,1,T02-INV12-S01,28,20,560,406.00,3x150,249,6972,5022.64,1,AHP-PL-EL-PDF-PSW-02 PV System Wiring Diagram T02 Rev_00.pdf
T02,12,T02-INV12,2,T02-INV12-S02,28,20,560,406.00,3x150,249,6972,5022.64,1,AHP-PL-EL-PDF-PSW-02 PV System Wiring Diagram T02 Rev_00.pdf
T02,12,T02-INV12,3,T02-INV12-S03,28,20,560,406.00,3x150,249,6972,5022.64,1,AHP-PL-EL-PDF-PSW-02 PV System Wiring Diagram T02 Rev_00.pdf
T02,12,T02-INV12,4,T02-INV12-S04,28,20,560,406.00,3x150,249,6972,5022.64,1,AHP-PL-EL-PDF-PSW-02 PV System Wiring Diagram T02 Rev_00.pdf
T02,12,T02-INV12,5,T02-INV12-S05,28,20,560,406.00,3x150,249,6972,5022.64,1,AHP-PL-EL-PDF-PSW-02 PV System Wiring Diagram T02 Rev_00.pdf
T02,12,T02-INV12,6,T02-INV12-S06,28,20,560,406.00,3x150,249,6972,5022.64,1,AHP-PL-EL-PDF-PSW-02 PV System Wiring Diagram T02 Rev_00.pdf
T02,12,T02-INV12,7,T02-INV12-S07,28,20,560,406.00,3x150,249,6972,5022.64,1,AHP-PL-EL-PDF-PSW-02 PV System Wiring Diagram T02 Rev_00.pdf
T02,12,T02-INV12,8,T02-INV12-S08,28,20,560,406.00,3x150,249,6972,5022.64,1,AHP-PL-EL-PDF-PSW-02 PV System Wiring Diagram T02 Rev_00.pdf
T02,12,T02-INV12,9,T02-INV12-S09,28,20,560,406.00,3x150,249,6972,5022.64,1,AHP-PL-EL-PDF-PSW-02 PV System Wiring Diagram T02 Rev_00.pdf
T02,12,T02-INV12,10,T02-INV12-S10,28,20,560,406.00,3x150,249,6972,5022.64,1,AHP-PL-EL-PDF-PSW-02 PV System Wiring Diagram T02 Rev_00.pdf
T02,12,T02-INV12,11,T02-INV12-S11,28,20,560,406.00,3x150,249,6972,5022.64,1,AHP-PL-EL-PDF-PSW-02 PV System Wiring Diagram T02 Rev_00.pdf
T02,12,T02-INV12,12,T02-INV12-S12,28,20,560,406.00,3x150,249,6972,5022.64,1,AHP-PL-EL-PDF-PSW-02 PV System Wiring Diagram T02 Rev_00.pdf
T02,12,T02-INV12,13,T02-INV12-S13,28,20,560,406.00,3x150,249,6972,5022.64,1,AHP-PL-EL-PDF-PSW-02 PV System Wiring Diagram T02 Rev_00.pdf
T02,12,T02-INV12,14,T02-INV12-S14,28,20,560,406.00,3x150,249,6972,5022.64,1,AHP-PL-EL-PDF-PSW-02 PV System Wiring Diagram T02 Rev_00.pdf
T02,12,T02-INV12,15,T02-INV12-S15,28,20,560,406.00,3x150,249,6972,5022.64,1,AHP-PL-EL-PDF-PSW-02 PV System Wiring Diagram T02 Rev_00.pdf
T02,12,T02-INV12,16,T02-INV12-S16,28,20,560,406.00,3x150,249,6972,5022.64,1,AHP-PL-EL-PDF-PSW-02 PV System Wiring Diagram T02 Rev_00.pdf
T02,12,T02-INV12,17,T02-INV12-S17,28,20,560,406.00,3x150,249,6972,5022.64,1,AHP-PL-EL-PDF-PSW-02 PV System Wiring Diagram T02 Rev_00.pdf
T02,12,T02-INV12,18,T02-INV12-S18,28,20,560,406.00,3x150,249,6972,5022.64,1,AHP-PL-EL-PDF-PSW-02 PV System Wiring Diagram T02 Rev_00.pdf
T02,12,T02-INV12,19,T02-INV12-S19,28,20,560,406.00,3x150,249,6972,5022.64,1,AHP-PL-EL-PDF-PSW-02 PV System Wiring Diagram T02 Rev_00.pdf
T02,12,T02-INV12,20,T02-INV12-S20,28,20,560,406.00,3x150,249,6972,5022.64,1,AHP-PL-EL-PDF-PSW-02 PV System Wiring Diagram T02 Rev_00.pdf
T03,1,T03-INV01,1,T03-INV01-S01,28,21,588,426.30,3x150,245,6860,4973.50,1,AHP-PL-EL-PDF-PSW-03 PV System Wiring Diagram T03 Rev_00.pdf
T03,1,T03-INV01,2,T03-INV01-S02,28,21,588,426.30,3x150,245,6860,4973.50,1,AHP-PL-EL-PDF-PSW-03 PV System Wiring Diagram T03 Rev_00.pdf
T03,1,T03-INV01,3,T03-INV01-S03,28,21,588,426.30,3x150,245,6860,4973.50,1,AHP-PL-EL-PDF-PSW-03 PV System Wiring Diagram T03 Rev_00.pdf
T03,1,T03-INV01,4,T03-INV01-S04,28,21,588,426.30,3x150,245,6860,4973.50,1,AHP-PL-EL-PDF-PSW-03 PV System Wiring Diagram T03 Rev_00.pdf
T03,1,T03-INV01,5,T03-INV01-S05,28,21,588,426.30,3x150,245,6860,4973.50,1,AHP-PL-EL-PDF-PSW-03 PV System Wiring Diagram T03 Rev_00.pdf
T03,1,T03-INV01,6,T03-INV01-S06,28,21,588,426.30,3x150,245,6860,4973.50,1,AHP-PL-EL-PDF-PSW-03 PV System Wiring Diagram T03 Rev_00.pdf
T03,1,T03-INV01,7,T03-INV01-S07,28,21,588,426.30,3x150,245,6860,4973.50,1,AHP-PL-EL-PDF-PSW-03 PV System Wiring Diagram T03 Rev_00.pdf
T03,1,T03-INV01,8,T03-INV01-S08,28,21,588,426.30,3x150,245,6860,4973.50,1,AHP-PL-EL-PDF-PSW-03 PV System Wiring Diagram T03 Rev_00.pdf
T03,1,T03-INV01,9,T03-INV01-S09,28,21,588,426.30,3x150,245,6860,4973.50,1,AHP-PL-EL-PDF-PSW-03 PV System Wiring Diagram T03 Rev_00.pdf
T03,1,T03-INV01,10,T03-INV01-S10,28,21,588,426.30,3x150,245,6860,4973.50,1,AHP-PL-EL-PDF-PSW-03 PV System Wiring Diagram T03 Rev_00.pdf
T03,1,T03-INV01,11,T03-INV01-S11,28,21,588,426.30,3x150,245,6860,4973.50,1,AHP-PL-EL-PDF-PSW-03 PV System Wiring Diagram T03 Rev_00.pdf
T03,1,T03-INV01,12,T03-INV01-S12,28,21,588,426.30,3x150,245,6860,4973.50,1,AHP-PL-EL-PDF-PSW-03 PV System Wiring Diagram T03 Rev_00.pdf
T03,1,T03-INV01,13,T03-INV01-S13,28,21,588,426.30,3x150,245,6860,4973.50,1,AHP-PL-EL-PDF-PSW-03 PV System Wiring Diagram T03 Rev_00.pdf
T03,1,T03-INV01,14,T03-INV01-S14,28,21,588,426.30,3x150,245,6860,4973.50,1,AHP-PL-EL-PDF-PSW-03 PV System Wiring Diagram T03 Rev_00.pdf
T03,1,T03-INV01,15,T03-INV01-S15,28,21,588,426.30,3x150,245,6860,4973.50,1,AHP-PL-EL-PDF-PSW-03 PV System Wiring Diagram T03 Rev_00.pdf
T03,1,T03-INV01,16,T03-INV01-S16,28,21,588,426.30,3x150,245,6860,4973.50,1,AHP-PL-EL-PDF-PSW-03 PV System Wiring Diagram T03 Rev_00.pdf
T03,1,T03-INV01,17,T03-INV01-S17,28,21,588,426.30,3x150,245,6860,4973.50,1,AHP-PL-EL-PDF-PSW-03 PV System Wiring Diagram T03 Rev_00.pdf
T03,1,T03-INV01,18,T03-INV01-S18,28,21,588,426.30,3x150,245,6860,4973.50,1,AHP-PL-EL-PDF-PSW-03 PV System Wiring Diagram T03 Rev_00.pdf
T03,1,T03-INV01,19,T03-INV01-S19,28,21,588,426.30,3x150,245,6860,4973.50,1,AHP-PL-EL-PDF-PSW-03 PV System Wiring Diagram T03 Rev_00.pdf
T03,1,T03-INV01,20,T03-INV01-S20,28,21,588,426.30,3x150,245,6860,4973.50,1,AHP-PL-EL-PDF-PSW-03 PV System Wiring Diagram T03 Rev_00.pdf
T03,1,T03-INV01,21,T03-INV01-S21,28,21,588,426.30,3x150,245,6860,4973.50,1,AHP-PL-EL-PDF-PSW-03 PV System Wiring Diagram T03 Rev_00.pdf
T03,2,T03-INV02,1,T03-INV02-S01,28,20,560,406.00,3x150,245,6860,4973.50,1,AHP-PL-EL-PDF-PSW-03 PV System Wiring Diagram T03 Rev_00.pdf
T03,2,T03-INV02,2,T03-INV02-S02,28,20,560,406.00,3x150,245,6860,4973.50,1,AHP-PL-EL-PDF-PSW-03 PV System Wiring Diagram T03 Rev_00.pdf
T03,2,T03-INV02,3,T03-INV02-S03,28,20,560,406.00,3x150,245,6860,4973.50,1,AHP-PL-EL-PDF-PSW-03 PV System Wiring Diagram T03 Rev_00.pdf
T03,2,T03-INV02,4,T03-INV02-S04,28,20,560,406.00,3x150,245,6860,4973.50,1,AHP-PL-EL-PDF-PSW-03 PV System Wiring Diagram T03 Rev_00.pdf
T03,2,T03-INV02,5,T03-INV02-S05,28,20,560,406.00,3x150,245,6860,4973.50,1,AHP-PL-EL-PDF-PSW-03 PV System Wiring Diagram T03 Rev_00.pdf
T03,2,T03-INV02,6,T03-INV02-S06,28,20,560,406.00,3x150,245,6860,4973.50,1,AHP-PL-EL-PDF-PSW-03 PV System Wiring Diagram T03 Rev_00.pdf
T03,2,T03-INV02,7,T03-INV02-S07,28,20,560,406.00,3x150,245,6860,4973.50,1,AHP-PL-EL-PDF-PSW-03 PV System Wiring Diagram T03 Rev_00.pdf
T03,2,T03-INV02,8,T03-INV02-S08,28,20,560,406.00,3x150,245,6860,4973.50,1,AHP-PL-EL-PDF-PSW-03 PV System Wiring Diagram T03 Rev_00.pdf
T03,2,T03-INV02,9,T03-INV02-S09,28,20,560,406.00,3x150,245,6860,4973.50,1,AHP-PL-EL-PDF-PSW-03 PV System Wiring Diagram T03 Rev_00.pdf
T03,2,T03-INV02,10,T03-INV02-S10,28,20,560,406.00,3x150,245,6860,4973.50,1,AHP-PL-EL-PDF-PSW-03 PV System Wiring Diagram T03 Rev_00.pdf
T03,2,T03-INV02,11,T03-INV02-S11,28,20,560,406.00,3x150,245,6860,4973.50,1,AHP-PL-EL-PDF-PSW-03 PV System Wiring Diagram T03 Rev_00.pdf
T03,2,T03-INV02,12,T03-INV02-S12,28,20,560,406.00,3x150,245,6860,4973.50,1,AHP-PL-EL-PDF-PSW-03 PV System Wiring Diagram T03 Rev_00.pdf
T03,2,T03-INV02,13,T03-INV02-S13,28,20,560,406.00,3x150,245,6860,4973.50,1,AHP-PL-EL-PDF-PSW-03 PV System Wiring Diagram T03 Rev_00.pdf
T03,2,T03-INV02,14,T03-INV02-S14,28,20,560,406.00,3x150,245,6860,4973.50,1,AHP-PL-EL-PDF-PSW-03 PV System Wiring Diagram T03 Rev_00.pdf
T03,2,T03-INV02,15,T03-INV02-S15,28,20,560,406.00,3x150,245,6860,4973.50,1,AHP-PL-EL-PDF-PSW-03 PV System Wiring Diagram T03 Rev_00.pdf
T03,2,T03-INV02,16,T03-INV02-S16,28,20,560,406.00,3x150,245,6860,4973.50,1,AHP-PL-EL-PDF-PSW-03 PV System Wiring Diagram T03 Rev_00.pdf
T03,2,T03-INV02,17,T03-INV02-S17,28,20,560,406.00,3x150,245,6860,4973.50,1,AHP-PL-EL-PDF-PSW-03 PV System Wiring Diagram T03 Rev_00.pdf
T03,2,T03-INV02,18,T03-INV02-S18,28,20,560,406.00,3x150,245,6860,4973.50,1,AHP-PL-EL-PDF-PSW-03 PV System Wiring Diagram T03 Rev_00.pdf
T03,2,T03-INV02,19,T03-INV02-S19,28,20,560,406.00,3x150,245,6860,4973.50,1,AHP-PL-EL-PDF-PSW-03 PV System Wiring Diagram T03 Rev_00.pdf
T03,2,T03-INV02,20,T03-INV02-S20,28,20,560,406.00,3x150,245,6860,4973.50,1,AHP-PL-EL-PDF-PSW-03 PV System Wiring Diagram T03 Rev_00.pdf
T03,3,T03-INV03,1,T03-INV03-S01,28,21,588,426.30,3x150,245,6860,4973.50,1,AHP-PL-EL-PDF-PSW-03 PV System Wiring Diagram T03 Rev_00.pdf
T03,3,T03-INV03,2,T03-INV03-S02,28,21,588,426.30,3x150,245,6860,4973.50,1,AHP-PL-EL-PDF-PSW-03 PV System Wiring Diagram T03 Rev_00.pdf
T03,3,T03-INV03,3,T03-INV03-S03,28,21,588,426.30,3x150,245,6860,4973.50,1,AHP-PL-EL-PDF-PSW-03 PV System Wiring Diagram T03 Rev_00.pdf
T03,3,T03-INV03,4,T03-INV03-S04,28,21,588,426.30,3x150,245,6860,4973.50,1,AHP-PL-EL-PDF-PSW-03 PV System Wiring Diagram T03 Rev_00.pdf
T03,3,T03-INV03,5,T03-INV03-S05,28,21,588,426.30,3x150,245,6860,4973.50,1,AHP-PL-EL-PDF-PSW-03 PV System Wiring Diagram T03 Rev_00.pdf
T03,3,T03-INV03,6,T03-INV03-S06,28,21,588,426.30,3x150,245,6860,4973.50,1,AHP-PL-EL-PDF-PSW-03 PV System Wiring Diagram T03 Rev_00.pdf
T03,3,T03-INV03,7,T03-INV03-S07,28,21,588,426.30,3x150,245,6860,4973.50,1,AHP-PL-EL-PDF-PSW-03 PV System Wiring Diagram T03 Rev_00.pdf
T03,3,T03-INV03,8,T03-INV03-S08,28,21,588,426.30,3x150,245,6860,4973.50,1,AHP-PL-EL-PDF-PSW-03 PV System Wiring Diagram T03 Rev_00.pdf
T03,3,T03-INV03,9,T03-INV03-S09,28,21,588,426.30,3x150,245,6860,4973.50,1,AHP-PL-EL-PDF-PSW-03 PV System Wiring Diagram T03 Rev_00.pdf
T03,3,T03-INV03,10,T03-INV03-S10,28,21,588,426.30,3x150,245,6860,4973.50,1,AHP-PL-EL-PDF-PSW-03 PV System Wiring Diagram T03 Rev_00.pdf
T03,3,T03-INV03,11,T03-INV03-S11,28,21,588,426.30,3x150,245,6860,4973.50,1,AHP-PL-EL-PDF-PSW-03 PV System Wiring Diagram T03 Rev_00.pdf
T03,3,T03-INV03,12,T03-INV03-S12,28,21,588,426.30,3x150,245,6860,4973.50,1,AHP-PL-EL-PDF-PSW-03 PV System Wiring Diagram T03 Rev_00.pdf
T03,3,T03-INV03,13,T03-INV03-S13,28,21,588,426.30,3x150,245,6860,4973.50,1,AHP-PL-EL-PDF-PSW-03 PV System Wiring Diagram T03 Rev_00.pdf
T03,3,T03-INV03,14,T03-INV03-S14,28,21,588,426.30,3x150,245,6860,4973.50,1,AHP-PL-EL-PDF-PSW-03 PV System Wiring Diagram T03 Rev_00.pdf
T03,3,T03-INV03,15,T03-INV03-S15,28,21,588,426.30,3x150,245,6860,4973.50,1,AHP-PL-EL-PDF-PSW-03 PV System Wiring Diagram T03 Rev_00.pdf
T03,3,T03-INV03,16,T03-INV03-S16,28,21,588,426.30,3x150,245,6860,4973.50,1,AHP-PL-EL-PDF-PSW-03 PV System Wiring Diagram T03 Rev_00.pdf
T03,3,T03-INV03,17,T03-INV03-S17,28,21,588,426.30,3x150,245,6860,4973.50,1,AHP-PL-EL-PDF-PSW-03 PV System Wiring Diagram T03 Rev_00.pdf
T03,3,T03-INV03,18,T03-INV03-S18,28,21,588,426.30,3x150,245,6860,4973.50,1,AHP-PL-EL-PDF-PSW-03 PV System Wiring Diagram T03 Rev_00.pdf
T03,3,T03-INV03,19,T03-INV03-S19,28,21,588,426.30,3x150,245,6860,4973.50,1,AHP-PL-EL-PDF-PSW-03 PV System Wiring Diagram T03 Rev_00.pdf
T03,3,T03-INV03,20,T03-INV03-S20,28,21,588,426.30,3x150,245,6860,4973.50,1,AHP-PL-EL-PDF-PSW-03 PV System Wiring Diagram T03 Rev_00.pdf
T03,3,T03-INV03,21,T03-INV03-S21,28,21,588,426.30,3x150,245,6860,4973.50,1,AHP-PL-EL-PDF-PSW-03 PV System Wiring Diagram T03 Rev_00.pdf
T03,4,T03-INV04,1,T03-INV04-S01,28,21,588,426.30,3x150,245,6860,4973.50,1,AHP-PL-EL-PDF-PSW-03 PV System Wiring Diagram T03 Rev_00.pdf
T03,4,T03-INV04,2,T03-INV04-S02,28,21,588,426.30,3x150,245,6860,4973.50,1,AHP-PL-EL-PDF-PSW-03 PV System Wiring Diagram T03 Rev_00.pdf
T03,4,T03-INV04,3,T03-INV04-S03,28,21,588,426.30,3x150,245,6860,4973.50,1,AHP-PL-EL-PDF-PSW-03 PV System Wiring Diagram T03 Rev_00.pdf
T03,4,T03-INV04,4,T03-INV04-S04,28,21,588,426.30,3x150,245,6860,4973.50,1,AHP-PL-EL-PDF-PSW-03 PV System Wiring Diagram T03 Rev_00.pdf
T03,4,T03-INV04,5,T03-INV04-S05,28,21,588,426.30,3x150,245,6860,4973.50,1,AHP-PL-EL-PDF-PSW-03 PV System Wiring Diagram T03 Rev_00.pdf
T03,4,T03-INV04,6,T03-INV04-S06,28,21,588,426.30,3x150,245,6860,4973.50,1,AHP-PL-EL-PDF-PSW-03 PV System Wiring Diagram T03 Rev_00.pdf
T03,4,T03-INV04,7,T03-INV04-S07,28,21,588,426.30,3x150,245,6860,4973.50,1,AHP-PL-EL-PDF-PSW-03 PV System Wiring Diagram T03 Rev_00.pdf
T03,4,T03-INV04,8,T03-INV04-S08,28,21,588,426.30,3x150,245,6860,4973.50,1,AHP-PL-EL-PDF-PSW-03 PV System Wiring Diagram T03 Rev_00.pdf
T03,4,T03-INV04,9,T03-INV04-S09,28,21,588,426.30,3x150,245,6860,4973.50,1,AHP-PL-EL-PDF-PSW-03 PV System Wiring Diagram T03 Rev_00.pdf
T03,4,T03-INV04,10,T03-INV04-S10,28,21,588,426.30,3x150,245,6860,4973.50,1,AHP-PL-EL-PDF-PSW-03 PV System Wiring Diagram T03 Rev_00.pdf
T03,4,T03-INV04,11,T03-INV04-S11,28,21,588,426.30,3x150,245,6860,4973.50,1,AHP-PL-EL-PDF-PSW-03 PV System Wiring Diagram T03 Rev_00.pdf
T03,4,T03-INV04,12,T03-INV04-S12,28,21,588,426.30,3x150,245,6860,4973.50,1,AHP-PL-EL-PDF-PSW-03 PV System Wiring Diagram T03 Rev_00.pdf
T03,4,T03-INV04,13,T03-INV04-S13,28,21,588,426.30,3x150,245,6860,4973.50,1,AHP-PL-EL-PDF-PSW-03 PV System Wiring Diagram T03 Rev_00.pdf
T03,4,T03-INV04,14,T03-INV04-S14,28,21,588,426.30,3x150,245,6860,4973.50,1,AHP-PL-EL-PDF-PSW-03 PV System Wiring Diagram T03 Rev_00.pdf
T03,4,T03-INV04,15,T03-INV04-S15,28,21,588,426.30,3x150,245,6860,4973.50,1,AHP-PL-EL-PDF-PSW-03 PV System Wiring Diagram T03 Rev_00.pdf
T03,4,T03-INV04,16,T03-INV04-S16,28,21,588,426.30,3x150,245,6860,4973.50,1,AHP-PL-EL-PDF-PSW-03 PV System Wiring Diagram T03 Rev_00.pdf
T03,4,T03-INV04,17,T03-INV04-S17,28,21,588,426.30,3x150,245,6860,4973.50,1,AHP-PL-EL-PDF-PSW-03 PV System Wiring Diagram T03 Rev_00.pdf
T03,4,T03-INV04,18,T03-INV04-S18,28,21,588,426.30,3x150,245,6860,4973.50,1,AHP-PL-EL-PDF-PSW-03 PV System Wiring Diagram T03 Rev_00.pdf
T03,4,T03-INV04,19,T03-INV04-S19,28,21,588,426.30,3x150,245,6860,4973.50,1,AHP-PL-EL-PDF-PSW-03 PV System Wiring Diagram T03 Rev_00.pdf
T03,4,T03-INV04,20,T03-INV04-S20,28,21,588,426.30,3x150,245,6860,4973.50,1,AHP-PL-EL-PDF-PSW-03 PV System Wiring Diagram T03 Rev_00.pdf
T03,4,T03-INV04,21,T03-INV04-S21,28,21,588,426.30,3x150,245,6860,4973.50,1,AHP-PL-EL-PDF-PSW-03 PV System Wiring Diagram T03 Rev_00.pdf
T03,5,T03-INV05,1,T03-INV05-S01,28,20,560,406.00,3x150,245,6860,4973.50,1,AHP-PL-EL-PDF-PSW-03 PV System Wiring Diagram T03 Rev_00.pdf
T03,5,T03-INV05,2,T03-INV05-S02,28,20,560,406.00,3x150,245,6860,4973.50,1,AHP-PL-EL-PDF-PSW-03 PV System Wiring Diagram T03 Rev_00.pdf
T03,5,T03-INV05,3,T03-INV05-S03,28,20,560,406.00,3x150,245,6860,4973.50,1,AHP-PL-EL-PDF-PSW-03 PV System Wiring Diagram T03 Rev_00.pdf
T03,5,T03-INV05,4,T03-INV05-S04,28,20,560,406.00,3x150,245,6860,4973.50,1,AHP-PL-EL-PDF-PSW-03 PV System Wiring Diagram T03 Rev_00.pdf
T03,5,T03-INV05,5,T03-INV05-S05,28,20,560,406.00,3x150,245,6860,4973.50,1,AHP-PL-EL-PDF-PSW-03 PV System Wiring Diagram T03 Rev_00.pdf
T03,5,T03-INV05,6,T03-INV05-S06,28,20,560,406.00,3x150,245,6860,4973.50,1,AHP-PL-EL-PDF-PSW-03 PV System Wiring Diagram T03 Rev_00.pdf
T03,5,T03-INV05,7,T03-INV05-S07,28,20,560,406.00,3x150,245,6860,4973.50,1,AHP-PL-EL-PDF-PSW-03 PV System Wiring Diagram T03 Rev_00.pdf
T03,5,T03-INV05,8,T03-INV05-S08,28,20,560,406.00,3x150,245,6860,4973.50,1,AHP-PL-EL-PDF-PSW-03 PV System Wiring Diagram T03 Rev_00.pdf
T03,5,T03-INV05,9,T03-INV05-S09,28,20,560,406.00,3x150,245,6860,4973.50,1,AHP-PL-EL-PDF-PSW-03 PV System Wiring Diagram T03 Rev_00.pdf
T03,5,T03-INV05,10,T03-INV05-S10,28,20,560,406.00,3x150,245,6860,4973.50,1,AHP-PL-EL-PDF-PSW-03 PV System Wiring Diagram T03 Rev_00.pdf
T03,5,T03-INV05,11,T03-INV05-S11,28,20,560,406.00,3x150,245,6860,4973.50,1,AHP-PL-EL-PDF-PSW-03 PV System Wiring Diagram T03 Rev_00.pdf
T03,5,T03-INV05,12,T03-INV05-S12,28,20,560,406.00,3x150,245,6860,4973.50,1,AHP-PL-EL-PDF-PSW-03 PV System Wiring Diagram T03 Rev_00.pdf
T03,5,T03-INV05,13,T03-INV05-S13,28,20,560,406.00,3x150,245,6860,4973.50,1,AHP-PL-EL-PDF-PSW-03 PV System Wiring Diagram T03 Rev_00.pdf
T03,5,T03-INV05,14,T03-INV05-S14,28,20,560,406.00,3x150,245,6860,4973.50,1,AHP-PL-EL-PDF-PSW-03 PV System Wiring Diagram T03 Rev_00.pdf
T03,5,T03-INV05,15,T03-INV05-S15,28,20,560,406.00,3x150,245,6860,4973.50,1,AHP-PL-EL-PDF-PSW-03 PV System Wiring Diagram T03 Rev_00.pdf
T03,5,T03-INV05,16,T03-INV05-S16,28,20,560,406.00,3x150,245,6860,4973.50,1,AHP-PL-EL-PDF-PSW-03 PV System Wiring Diagram T03 Rev_00.pdf
T03,5,T03-INV05,17,T03-INV05-S17,28,20,560,406.00,3x150,245,6860,4973.50,1,AHP-PL-EL-PDF-PSW-03 PV System Wiring Diagram T03 Rev_00.pdf
T03,5,T03-INV05,18,T03-INV05-S18,28,20,560,406.00,3x150,245,6860,4973.50,1,AHP-PL-EL-PDF-PSW-03 PV System Wiring Diagram T03 Rev_00.pdf
T03,5,T03-INV05,19,T03-INV05-S19,28,20,560,406.00,3x150,245,6860,4973.50,1,AHP-PL-EL-PDF-PSW-03 PV System Wiring Diagram T03 Rev_00.pdf
T03,5,T03-INV05,20,T03-INV05-S20,28,20,560,406.00,3x150,245,6860,4973.50,1,AHP-PL-EL-PDF-PSW-03 PV System Wiring Diagram T03 Rev_00.pdf
T03,6,T03-INV06,1,T03-INV06-S01,28,21,588,426.30,3x150,245,6860,4973.50,1,AHP-PL-EL-PDF-PSW-03 PV System Wiring Diagram T03 Rev_00.pdf
T03,6,T03-INV06,2,T03-INV06-S02,28,21,588,426.30,3x150,245,6860,4973.50,1,AHP-PL-EL-PDF-PSW-03 PV System Wiring Diagram T03 Rev_00.pdf
T03,6,T03-INV06,3,T03-INV06-S03,28,21,588,426.30,3x150,245,6860,4973.50,1,AHP-PL-EL-PDF-PSW-03 PV System Wiring Diagram T03 Rev_00.pdf
T03,6,T03-INV06,4,T03-INV06-S04,28,21,588,426.30,3x150,245,6860,4973.50,1,AHP-PL-EL-PDF-PSW-03 PV System Wiring Diagram T03 Rev_00.pdf
T03,6,T03-INV06,5,T03-INV06-S05,28,21,588,426.30,3x150,245,6860,4973.50,1,AHP-PL-EL-PDF-PSW-03 PV System Wiring Diagram T03 Rev_00.pdf
T03,6,T03-INV06,6,T03-INV06-S06,28,21,588,426.30,3x150,245,6860,4973.50,1,AHP-PL-EL-PDF-PSW-03 PV System Wiring Diagram T03 Rev_00.pdf
T03,6,T03-INV06,7,T03-INV06-S07,28,21,588,426.30,3x150,245,6860,4973.50,1,AHP-PL-EL-PDF-PSW-03 PV System Wiring Diagram T03 Rev_00.pdf
T03,6,T03-INV06,8,T03-INV06-S08,28,21,588,426.30,3x150,245,6860,4973.50,1,AHP-PL-EL-PDF-PSW-03 PV System Wiring Diagram T03 Rev_00.pdf
T03,6,T03-INV06,9,T03-INV06-S09,28,21,588,426.30,3x150,245,6860,4973.50,1,AHP-PL-EL-PDF-PSW-03 PV System Wiring Diagram T03 Rev_00.pdf
T03,6,T03-INV06,10,T03-INV06-S10,28,21,588,426.30,3x150,245,6860,4973.50,1,AHP-PL-EL-PDF-PSW-03 PV System Wiring Diagram T03 Rev_00.pdf
T03,6,T03-INV06,11,T03-INV06-S11,28,21,588,426.30,3x150,245,6860,4973.50,1,AHP-PL-EL-PDF-PSW-03 PV System Wiring Diagram T03 Rev_00.pdf
T03,6,T03-INV06,12,T03-INV06-S12,28,21,588,426.30,3x150,245,6860,4973.50,1,AHP-PL-EL-PDF-PSW-03 PV System Wiring Diagram T03 Rev_00.pdf
T03,6,T03-INV06,13,T03-INV06-S13,28,21,588,426.30,3x150,245,6860,4973.50,1,AHP-PL-EL-PDF-PSW-03 PV System Wiring Diagram T03 Rev_00.pdf
T03,6,T03-INV06,14,T03-INV06-S14,28,21,588,426.30,3x150,245,6860,4973.50,1,AHP-PL-EL-PDF-PSW-03 PV System Wiring Diagram T03 Rev_00.pdf
T03,6,T03-INV06,15,T03-INV06-S15,28,21,588,426.30,3x150,245,6860,4973.50,1,AHP-PL-EL-PDF-PSW-03 PV System Wiring Diagram T03 Rev_00.pdf
T03,6,T03-INV06,16,T03-INV06-S16,28,21,588,426.30,3x150,245,6860,4973.50,1,AHP-PL-EL-PDF-PSW-03 PV System Wiring Diagram T03 Rev_00.pdf
T03,6,T03-INV06,17,T03-INV06-S17,28,21,588,426.30,3x150,245,6860,4973.50,1,AHP-PL-EL-PDF-PSW-03 PV System Wiring Diagram T03 Rev_00.pdf
T03,6,T03-INV06,18,T03-INV06-S18,28,21,588,426.30,3x150,245,6860,4973.50,1,AHP-PL-EL-PDF-PSW-03 PV System Wiring Diagram T03 Rev_00.pdf
T03,6,T03-INV06,19,T03-INV06-S19,28,21,588,426.30,3x150,245,6860,4973.50,1,AHP-PL-EL-PDF-PSW-03 PV System Wiring Diagram T03 Rev_00.pdf
T03,6,T03-INV06,20,T03-INV06-S20,28,21,588,426.30,3x150,245,6860,4973.50,1,AHP-PL-EL-PDF-PSW-03 PV System Wiring Diagram T03 Rev_00.pdf
T03,6,T03-INV06,21,T03-INV06-S21,28,21,588,426.30,3x150,245,6860,4973.50,1,AHP-PL-EL-PDF-PSW-03 PV System Wiring Diagram T03 Rev_00.pdf
T03,7,T03-INV07,1,T03-INV07-S01,28,20,560,406.00,3x150,245,6860,4973.50,1,AHP-PL-EL-PDF-PSW-03 PV System Wiring Diagram T03 Rev_00.pdf
T03,7,T03-INV07,2,T03-INV07-S02,28,20,560,406.00,3x150,245,6860,4973.50,1,AHP-PL-EL-PDF-PSW-03 PV System Wiring Diagram T03 Rev_00.pdf
T03,7,T03-INV07,3,T03-INV07-S03,28,20,560,406.00,3x150,245,6860,4973.50,1,AHP-PL-EL-PDF-PSW-03 PV System Wiring Diagram T03 Rev_00.pdf
T03,7,T03-INV07,4,T03-INV07-S04,28,20,560,406.00,3x150,245,6860,4973.50,1,AHP-PL-EL-PDF-PSW-03 PV System Wiring Diagram T03 Rev_00.pdf
T03,7,T03-INV07,5,T03-INV07-S05,28,20,560,406.00,3x150,245,6860,4973.50,1,AHP-PL-EL-PDF-PSW-03 PV System Wiring Diagram T03 Rev_00.pdf
T03,7,T03-INV07,6,T03-INV07-S06,28,20,560,406.00,3x150,245,6860,4973.50,1,AHP-PL-EL-PDF-PSW-03 PV System Wiring Diagram T03 Rev_00.pdf
T03,7,T03-INV07,7,T03-INV07-S07,28,20,560,406.00,3x150,245,6860,4973.50,1,AHP-PL-EL-PDF-PSW-03 PV System Wiring Diagram T03 Rev_00.pdf
T03,7,T03-INV07,8,T03-INV07-S08,28,20,560,406.00,3x150,245,6860,4973.50,1,AHP-PL-EL-PDF-PSW-03 PV System Wiring Diagram T03 Rev_00.pdf
T03,7,T03-INV07,9,T03-INV07-S09,28,20,560,406.00,3x150,245,6860,4973.50,1,AHP-PL-EL-PDF-PSW-03 PV System Wiring Diagram T03 Rev_00.pdf
T03,7,T03-INV07,10,T03-INV07-S10,28,20,560,406.00,3x150,245,6860,4973.50,1,AHP-PL-EL-PDF-PSW-03 PV System Wiring Diagram T03 Rev_00.pdf
T03,7,T03-INV07,11,T03-INV07-S11,28,20,560,406.00,3x150,245,6860,4973.50,1,AHP-PL-EL-PDF-PSW-03 PV System Wiring Diagram T03 Rev_00.pdf
T03,7,T03-INV07,12,T03-INV07-S12,28,20,560,406.00,3x150,245,6860,4973.50,1,AHP-PL-EL-PDF-PSW-03 PV System Wiring Diagram T03 Rev_00.pdf
T03,7,T03-INV07,13,T03-INV07-S13,28,20,560,406.00,3x150,245,6860,4973.50,1,AHP-PL-EL-PDF-PSW-03 PV System Wiring Diagram T03 Rev_00.pdf
T03,7,T03-INV07,14,T03-INV07-S14,28,20,560,406.00,3x150,245,6860,4973.50,1,AHP-PL-EL-PDF-PSW-03 PV System Wiring Diagram T03 Rev_00.pdf
T03,7,T03-INV07,15,T03-INV07-S15,28,20,560,406.00,3x150,245,6860,4973.50,1,AHP-PL-EL-PDF-PSW-03 PV System Wiring Diagram T03 Rev_00.pdf
T03,7,T03-INV07,16,T03-INV07-S16,28,20,560,406.00,3x150,245,6860,4973.50,1,AHP-PL-EL-PDF-PSW-03 PV System Wiring Diagram T03 Rev_00.pdf
T03,7,T03-INV07,17,T03-INV07-S17,28,20,560,406.00,3x150,245,6860,4973.50,1,AHP-PL-EL-PDF-PSW-03 PV System Wiring Diagram T03 Rev_00.pdf
T03,7,T03-INV07,18,T03-INV07-S18,28,20,560,406.00,3x150,245,6860,4973.50,1,AHP-PL-EL-PDF-PSW-03 PV System Wiring Diagram T03 Rev_00.pdf
T03,7,T03-INV07,19,T03-INV07-S19,28,20,560,406.00,3x150,245,6860,4973.50,1,AHP-PL-EL-PDF-PSW-03 PV System Wiring Diagram T03 Rev_00.pdf
T03,7,T03-INV07,20,T03-INV07-S20,28,20,560,406.00,3x150,245,6860,4973.50,1,AHP-PL-EL-PDF-PSW-03 PV System Wiring Diagram T03 Rev_00.pdf
T03,8,T03-INV08,1,T03-INV08-S01,28,21,588,426.30,3x150,245,6860,4973.50,1,AHP-PL-EL-PDF-PSW-03 PV System Wiring Diagram T03 Rev_00.pdf
T03,8,T03-INV08,2,T03-INV08-S02,28,21,588,426.30,3x150,245,6860,4973.50,1,AHP-PL-EL-PDF-PSW-03 PV System Wiring Diagram T03 Rev_00.pdf
T03,8,T03-INV08,3,T03-INV08-S03,28,21,588,426.30,3x150,245,6860,4973.50,1,AHP-PL-EL-PDF-PSW-03 PV System Wiring Diagram T03 Rev_00.pdf
T03,8,T03-INV08,4,T03-INV08-S04,28,21,588,426.30,3x150,245,6860,4973.50,1,AHP-PL-EL-PDF-PSW-03 PV System Wiring Diagram T03 Rev_00.pdf
T03,8,T03-INV08,5,T03-INV08-S05,28,21,588,426.30,3x150,245,6860,4973.50,1,AHP-PL-EL-PDF-PSW-03 PV System Wiring Diagram T03 Rev_00.pdf
T03,8,T03-INV08,6,T03-INV08-S06,28,21,588,426.30,3x150,245,6860,4973.50,1,AHP-PL-EL-PDF-PSW-03 PV System Wiring Diagram T03 Rev_00.pdf
T03,8,T03-INV08,7,T03-INV08-S07,28,21,588,426.30,3x150,245,6860,4973.50,1,AHP-PL-EL-PDF-PSW-03 PV System Wiring Diagram T03 Rev_00.pdf
T03,8,T03-INV08,8,T03-INV08-S08,28,21,588,426.30,3x150,245,6860,4973.50,1,AHP-PL-EL-PDF-PSW-03 PV System Wiring Diagram T03 Rev_00.pdf
T03,8,T03-INV08,9,T03-INV08-S09,28,21,588,426.30,3x150,245,6860,4973.50,1,AHP-PL-EL-PDF-PSW-03 PV System Wiring Diagram T03 Rev_00.pdf
T03,8,T03-INV08,10,T03-INV08-S10,28,21,588,426.30,3x150,245,6860,4973.50,1,AHP-PL-EL-PDF-PSW-03 PV System Wiring Diagram T03 Rev_00.pdf
T03,8,T03-INV08,11,T03-INV08-S11,28,21,588,426.30,3x150,245,6860,4973.50,1,AHP-PL-EL-PDF-PSW-03 PV System Wiring Diagram T03 Rev_00.pdf
T03,8,T03-INV08,12,T03-INV08-S12,28,21,588,426.30,3x150,245,6860,4973.50,1,AHP-PL-EL-PDF-PSW-03 PV System Wiring Diagram T03 Rev_00.pdf
T03,8,T03-INV08,13,T03-INV08-S13,28,21,588,426.30,3x150,245,6860,4973.50,1,AHP-PL-EL-PDF-PSW-03 PV System Wiring Diagram T03 Rev_00.pdf
T03,8,T03-INV08,14,T03-INV08-S14,28,21,588,426.30,3x150,245,6860,4973.50,1,AHP-PL-EL-PDF-PSW-03 PV System Wiring Diagram T03 Rev_00.pdf
T03,8,T03-INV08,15,T03-INV08-S15,28,21,588,426.30,3x150,245,6860,4973.50,1,AHP-PL-EL-PDF-PSW-03 PV System Wiring Diagram T03 Rev_00.pdf
T03,8,T03-INV08,16,T03-INV08-S16,28,21,588,426.30,3x150,245,6860,4973.50,1,AHP-PL-EL-PDF-PSW-03 PV System Wiring Diagram T03 Rev_00.pdf
T03,8,T03-INV08,17,T03-INV08-S17,28,21,588,426.30,3x150,245,6860,4973.50,1,AHP-PL-EL-PDF-PSW-03 PV System Wiring Diagram T03 Rev_00.pdf
T03,8,T03-INV08,18,T03-INV08-S18,28,21,588,426.30,3x150,245,6860,4973.50,1,AHP-PL-EL-PDF-PSW-03 PV System Wiring Diagram T03 Rev_00.pdf
T03,8,T03-INV08,19,T03-INV08-S19,28,21,588,426.30,3x150,245,6860,4973.50,1,AHP-PL-EL-PDF-PSW-03 PV System Wiring Diagram T03 Rev_00.pdf
T03,8,T03-INV08,20,T03-INV08-S20,28,21,588,426.30,3x150,245,6860,4973.50,1,AHP-PL-EL-PDF-PSW-03 PV System Wiring Diagram T03 Rev_00.pdf
T03,8,T03-INV08,21,T03-INV08-S21,28,21,588,426.30,3x150,245,6860,4973.50,1,AHP-PL-EL-PDF-PSW-03 PV System Wiring Diagram T03 Rev_00.pdf
T03,9,T03-INV09,1,T03-INV09-S01,28,20,560,406.00,3x150,245,6860,4973.50,1,AHP-PL-EL-PDF-PSW-03 PV System Wiring Diagram T03 Rev_00.pdf
T03,9,T03-INV09,2,T03-INV09-S02,28,20,560,406.00,3x150,245,6860,4973.50,1,AHP-PL-EL-PDF-PSW-03 PV System Wiring Diagram T03 Rev_00.pdf
T03,9,T03-INV09,3,T03-INV09-S03,28,20,560,406.00,3x150,245,6860,4973.50,1,AHP-PL-EL-PDF-PSW-03 PV System Wiring Diagram T03 Rev_00.pdf
T03,9,T03-INV09,4,T03-INV09-S04,28,20,560,406.00,3x150,245,6860,4973.50,1,AHP-PL-EL-PDF-PSW-03 PV System Wiring Diagram T03 Rev_00.pdf
T03,9,T03-INV09,5,T03-INV09-S05,28,20,560,406.00,3x150,245,6860,4973.50,1,AHP-PL-EL-PDF-PSW-03 PV System Wiring Diagram T03 Rev_00.pdf
T03,9,T03-INV09,6,T03-INV09-S06,28,20,560,406.00,3x150,245,6860,4973.50,1,AHP-PL-EL-PDF-PSW-03 PV System Wiring Diagram T03 Rev_00.pdf
T03,9,T03-INV09,7,T03-INV09-S07,28,20,560,406.00,3x150,245,6860,4973.50,1,AHP-PL-EL-PDF-PSW-03 PV System Wiring Diagram T03 Rev_00.pdf
T03,9,T03-INV09,8,T03-INV09-S08,28,20,560,406.00,3x150,245,6860,4973.50,1,AHP-PL-EL-PDF-PSW-03 PV System Wiring Diagram T03 Rev_00.pdf
T03,9,T03-INV09,9,T03-INV09-S09,28,20,560,406.00,3x150,245,6860,4973.50,1,AHP-PL-EL-PDF-PSW-03 PV System Wiring Diagram T03 Rev_00.pdf
T03,9,T03-INV09,10,T03-INV09-S10,28,20,560,406.00,3x150,245,6860,4973.50,1,AHP-PL-EL-PDF-PSW-03 PV System Wiring Diagram T03 Rev_00.pdf
T03,9,T03-INV09,11,T03-INV09-S11,28,20,560,406.00,3x150,245,6860,4973.50,1,AHP-PL-EL-PDF-PSW-03 PV System Wiring Diagram T03 Rev_00.pdf
T03,9,T03-INV09,12,T03-INV09-S12,28,20,560,406.00,3x150,245,6860,4973.50,1,AHP-PL-EL-PDF-PSW-03 PV System Wiring Diagram T03 Rev_00.pdf
T03,9,T03-INV09,13,T03-INV09-S13,28,20,560,406.00,3x150,245,6860,4973.50,1,AHP-PL-EL-PDF-PSW-03 PV System Wiring Diagram T03 Rev_00.pdf
T03,9,T03-INV09,14,T03-INV09-S14,28,20,560,406.00,3x150,245,6860,4973.50,1,AHP-PL-EL-PDF-PSW-03 PV System Wiring Diagram T03 Rev_00.pdf
T03,9,T03-INV09,15,T03-INV09-S15,28,20,560,406.00,3x150,245,6860,4973.50,1,AHP-PL-EL-PDF-PSW-03 PV System Wiring Diagram T03 Rev_00.pdf
T03,9,T03-INV09,16,T03-INV09-S16,28,20,560,406.00,3x150,245,6860,4973.50,1,AHP-PL-EL-PDF-PSW-03 PV System Wiring Diagram T03 Rev_00.pdf
T03,9,T03-INV09,17,T03-INV09-S17,28,20,560,406.00,3x150,245,6860,4973.50,1,AHP-PL-EL-PDF-PSW-03 PV System Wiring Diagram T03 Rev_00.pdf
T03,9,T03-INV09,18,T03-INV09-S18,28,20,560,406.00,3x150,245,6860,4973.50,1,AHP-PL-EL-PDF-PSW-03 PV System Wiring Diagram T03 Rev_00.pdf
T03,9,T03-INV09,19,T03-INV09-S19,28,20,560,406.00,3x150,245,6860,4973.50,1,AHP-PL-EL-PDF-PSW-03 PV System Wiring Diagram T03 Rev_00.pdf
T03,9,T03-INV09,20,T03-INV09-S20,28,20,560,406.00,3x150,245,6860,4973.50,1,AHP-PL-EL-PDF-PSW-03 PV System Wiring Diagram T03 Rev_00.pdf
T03,10,T03-INV10,1,T03-INV10-S01,28,20,560,406.00,3x150,245,6860,4973.50,1,AHP-PL-EL-PDF-PSW-03 PV System Wiring Diagram T03 Rev_00.pdf
T03,10,T03-INV10,2,T03-INV10-S02,28,20,560,406.00,3x150,245,6860,4973.50,1,AHP-PL-EL-PDF-PSW-03 PV System Wiring Diagram T03 Rev_00.pdf
T03,10,T03-INV10,3,T03-INV10-S03,28,20,560,406.00,3x150,245,6860,4973.50,1,AHP-PL-EL-PDF-PSW-03 PV System Wiring Diagram T03 Rev_00.pdf
T03,10,T03-INV10,4,T03-INV10-S04,28,20,560,406.00,3x150,245,6860,4973.50,1,AHP-PL-EL-PDF-PSW-03 PV System Wiring Diagram T03 Rev_00.pdf
T03,10,T03-INV10,5,T03-INV10-S05,28,20,560,406.00,3x150,245,6860,4973.50,1,AHP-PL-EL-PDF-PSW-03 PV System Wiring Diagram T03 Rev_00.pdf
T03,10,T03-INV10,6,T03-INV10-S06,28,20,560,406.00,3x150,245,6860,4973.50,1,AHP-PL-EL-PDF-PSW-03 PV System Wiring Diagram T03 Rev_00.pdf
T03,10,T03-INV10,7,T03-INV10-S07,28,20,560,406.00,3x150,245,6860,4973.50,1,AHP-PL-EL-PDF-PSW-03 PV System Wiring Diagram T03 Rev_00.pdf
T03,10,T03-INV10,8,T03-INV10-S08,28,20,560,406.00,3x150,245,6860,4973.50,1,AHP-PL-EL-PDF-PSW-03 PV System Wiring Diagram T03 Rev_00.pdf
T03,10,T03-INV10,9,T03-INV10-S09,28,20,560,406.00,3x150,245,6860,4973.50,1,AHP-PL-EL-PDF-PSW-03 PV System Wiring Diagram T03 Rev_00.pdf
T03,10,T03-INV10,10,T03-INV10-S10,28,20,560,406.00,3x150,245,6860,4973.50,1,AHP-PL-EL-PDF-PSW-03 PV System Wiring Diagram T03 Rev_00.pdf
T03,10,T03-INV10,11,T03-INV10-S11,28,20,560,406.00,3x150,245,6860,4973.50,1,AHP-PL-EL-PDF-PSW-03 PV System Wiring Diagram T03 Rev_00.pdf
T03,10,T03-INV10,12,T03-INV10-S12,28,20,560,406.00,3x150,245,6860,4973.50,1,AHP-PL-EL-PDF-PSW-03 PV System Wiring Diagram T03 Rev_00.pdf
T03,10,T03-INV10,13,T03-INV10-S13,28,20,560,406.00,3x150,245,6860,4973.50,1,AHP-PL-EL-PDF-PSW-03 PV System Wiring Diagram T03 Rev_00.pdf
T03,10,T03-INV10,14,T03-INV10-S14,28,20,560,406.00,3x150,245,6860,4973.50,1,AHP-PL-EL-PDF-PSW-03 PV System Wiring Diagram T03 Rev_00.pdf
T03,10,T03-INV10,15,T03-INV10-S15,28,20,560,406.00,3x150,245,6860,4973.50,1,AHP-PL-EL-PDF-PSW-03 PV System Wiring Diagram T03 Rev_00.pdf
T03,10,T03-INV10,16,T03-INV10-S16,28,20,560,406.00,3x150,245,6860,4973.50,1,AHP-PL-EL-PDF-PSW-03 PV System Wiring Diagram T03 Rev_00.pdf
T03,10,T03-INV10,17,T03-INV10-S17,28,20,560,406.00,3x150,245,6860,4973.50,1,AHP-PL-EL-PDF-PSW-03 PV System Wiring Diagram T03 Rev_00.pdf
T03,10,T03-INV10,18,T03-INV10-S18,28,20,560,406.00,3x150,245,6860,4973.50,1,AHP-PL-EL-PDF-PSW-03 PV System Wiring Diagram T03 Rev_00.pdf
T03,10,T03-INV10,19,T03-INV10-S19,28,20,560,406.00,3x150,245,6860,4973.50,1,AHP-PL-EL-PDF-PSW-03 PV System Wiring Diagram T03 Rev_00.pdf
T03,10,T03-INV10,20,T03-INV10-S20,28,20,560,406.00,3x150,245,6860,4973.50,1,AHP-PL-EL-PDF-PSW-03 PV System Wiring Diagram T03 Rev_00.pdf
T03,11,T03-INV11,1,T03-INV11-S01,28,20,560,406.00,3x150,245,6860,4973.50,1,AHP-PL-EL-PDF-PSW-03 PV System Wiring Diagram T03 Rev_00.pdf
T03,11,T03-INV11,2,T03-INV11-S02,28,20,560,406.00,3x150,245,6860,4973.50,1,AHP-PL-EL-PDF-PSW-03 PV System Wiring Diagram T03 Rev_00.pdf
T03,11,T03-INV11,3,T03-INV11-S03,28,20,560,406.00,3x150,245,6860,4973.50,1,AHP-PL-EL-PDF-PSW-03 PV System Wiring Diagram T03 Rev_00.pdf
T03,11,T03-INV11,4,T03-INV11-S04,28,20,560,406.00,3x150,245,6860,4973.50,1,AHP-PL-EL-PDF-PSW-03 PV System Wiring Diagram T03 Rev_00.pdf
T03,11,T03-INV11,5,T03-INV11-S05,28,20,560,406.00,3x150,245,6860,4973.50,1,AHP-PL-EL-PDF-PSW-03 PV System Wiring Diagram T03 Rev_00.pdf
T03,11,T03-INV11,6,T03-INV11-S06,28,20,560,406.00,3x150,245,6860,4973.50,1,AHP-PL-EL-PDF-PSW-03 PV System Wiring Diagram T03 Rev_00.pdf
T03,11,T03-INV11,7,T03-INV11-S07,28,20,560,406.00,3x150,245,6860,4973.50,1,AHP-PL-EL-PDF-PSW-03 PV System Wiring Diagram T03 Rev_00.pdf
T03,11,T03-INV11,8,T03-INV11-S08,28,20,560,406.00,3x150,245,6860,4973.50,1,AHP-PL-EL-PDF-PSW-03 PV System Wiring Diagram T03 Rev_00.pdf
T03,11,T03-INV11,9,T03-INV11-S09,28,20,560,406.00,3x150,245,6860,4973.50,1,AHP-PL-EL-PDF-PSW-03 PV System Wiring Diagram T03 Rev_00.pdf
T03,11,T03-INV11,10,T03-INV11-S10,28,20,560,406.00,3x150,245,6860,4973.50,1,AHP-PL-EL-PDF-PSW-03 PV System Wiring Diagram T03 Rev_00.pdf
T03,11,T03-INV11,11,T03-INV11-S11,28,20,560,406.00,3x150,245,6860,4973.50,1,AHP-PL-EL-PDF-PSW-03 PV System Wiring Diagram T03 Rev_00.pdf
T03,11,T03-INV11,12,T03-INV11-S12,28,20,560,406.00,3x150,245,6860,4973.50,1,AHP-PL-EL-PDF-PSW-03 PV System Wiring Diagram T03 Rev_00.pdf
T03,11,T03-INV11,13,T03-INV11-S13,28,20,560,406.00,3x150,245,6860,4973.50,1,AHP-PL-EL-PDF-PSW-03 PV System Wiring Diagram T03 Rev_00.pdf
T03,11,T03-INV11,14,T03-INV11-S14,28,20,560,406.00,3x150,245,6860,4973.50,1,AHP-PL-EL-PDF-PSW-03 PV System Wiring Diagram T03 Rev_00.pdf
T03,11,T03-INV11,15,T03-INV11-S15,28,20,560,406.00,3x150,245,6860,4973.50,1,AHP-PL-EL-PDF-PSW-03 PV System Wiring Diagram T03 Rev_00.pdf
T03,11,T03-INV11,16,T03-INV11-S16,28,20,560,406.00,3x150,245,6860,4973.50,1,AHP-PL-EL-PDF-PSW-03 PV System Wiring Diagram T03 Rev_00.pdf
T03,11,T03-INV11,17,T03-INV11-S17,28,20,560,406.00,3x150,245,6860,4973.50,1,AHP-PL-EL-PDF-PSW-03 PV System Wiring Diagram T03 Rev_00.pdf
T03,11,T03-INV11,18,T03-INV11-S18,28,20,560,406.00,3x150,245,6860,4973.50,1,AHP-PL-EL-PDF-PSW-03 PV System Wiring Diagram T03 Rev_00.pdf
T03,11,T03-INV11,19,T03-INV11-S19,28,20,560,406.00,3x150,245,6860,4973.50,1,AHP-PL-EL-PDF-PSW-03 PV System Wiring Diagram T03 Rev_00.pdf
T03,11,T03-INV11,20,T03-INV11-S20,28,20,560,406.00,3x150,245,6860,4973.50,1,AHP-PL-EL-PDF-PSW-03 PV System Wiring Diagram T03 Rev_00.pdf
T03,12,T03-INV12,1,T03-INV12-S01,28,20,560,406.00,3x150,245,6860,4973.50,1,AHP-PL-EL-PDF-PSW-03 PV System Wiring Diagram T03 Rev_00.pdf
T03,12,T03-INV12,2,T03-INV12-S02,28,20,560,406.00,3x150,245,6860,4973.50,1,AHP-PL-EL-PDF-PSW-03 PV System Wiring Diagram T03 Rev_00.pdf
T03,12,T03-INV12,3,T03-INV12-S03,28,20,560,406.00,3x150,245,6860,4973.50,1,AHP-PL-EL-PDF-PSW-03 PV System Wiring Diagram T03 Rev_00.pdf
T03,12,T03-INV12,4,T03-INV12-S04,28,20,560,406.00,3x150,245,6860,4973.50,1,AHP-PL-EL-PDF-PSW-03 PV System Wiring Diagram T03 Rev_00.pdf
T03,12,T03-INV12,5,T03-INV12-S05,28,20,560,406.00,3x150,245,6860,4973.50,1,AHP-PL-EL-PDF-PSW-03 PV System Wiring Diagram T03 Rev_00.pdf
T03,12,T03-INV12,6,T03-INV12-S06,28,20,560,406.00,3x150,245,6860,4973.50,1,AHP-PL-EL-PDF-PSW-03 PV System Wiring Diagram T03 Rev_00.pdf
T03,12,T03-INV12,7,T03-INV12-S07,28,20,560,406.00,3x150,245,6860,4973.50,1,AHP-PL-EL-PDF-PSW-03 PV System Wiring Diagram T03 Rev_00.pdf
T03,12,T03-INV12,8,T03-INV12-S08,28,20,560,406.00,3x150,245,6860,4973.50,1,AHP-PL-EL-PDF-PSW-03 PV System Wiring Diagram T03 Rev_00.pdf
T03,12,T03-INV12,9,T03-INV12-S09,28,20,560,406.00,3x150,245,6860,4973.50,1,AHP-PL-EL-PDF-PSW-03 PV System Wiring Diagram T03 Rev_00.pdf
T03,12,T03-INV12,10,T03-INV12-S10,28,20,560,406.00,3x150,245,6860,4973.50,1,AHP-PL-EL-PDF-PSW-03 PV System Wiring Diagram T03 Rev_00.pdf
T03,12,T03-INV12,11,T03-INV12-S11,28,20,560,406.00,3x150,245,6860,4973.50,1,AHP-PL-EL-PDF-PSW-03 PV System Wiring Diagram T03 Rev_00.pdf
T03,12,T03-INV12,12,T03-INV12-S12,28,20,560,406.00,3x150,245,6860,4973.50,1,AHP-PL-EL-PDF-PSW-03 PV System Wiring Diagram T03 Rev_00.pdf
T03,12,T03-INV12,13,T03-INV12-S13,28,20,560,406.00,3x150,245,6860,4973.50,1,AHP-PL-EL-PDF-PSW-03 PV System Wiring Diagram T03 Rev_00.pdf
T03,12,T03-INV12,14,T03-INV12-S14,28,20,560,406.00,3x150,245,6860,4973.50,1,AHP-PL-EL-PDF-PSW-03 PV System Wiring Diagram T03 Rev_00.pdf
T03,12,T03-INV12,15,T03-INV12-S15,28,20,560,406.00,3x150,245,6860,4973.50,1,AHP-PL-EL-PDF-PSW-03 PV System Wiring Diagram T03 Rev_00.pdf
T03,12,T03-INV12,16,T03-INV12-S16,28,20,560,406.00,3x150,245,6860,4973.50,1,AHP-PL-EL-PDF-PSW-03 PV System Wiring Diagram T03 Rev_00.pdf
T03,12,T03-INV12,17,T03-INV12-S17,28,20,560,406.00,3x150,245,6860,4973.50,1,AHP-PL-EL-PDF-PSW-03 PV System Wiring Diagram T03 Rev_00.pdf
T03,12,T03-INV12,18,T03-INV12-S18,28,20,560,406.00,3x150,245,6860,4973.50,1,AHP-PL-EL-PDF-PSW-03 PV System Wiring Diagram T03 Rev_00.pdf
T03,12,T03-INV12,19,T03-INV12-S19,28,20,560,406.00,3x150,245,6860,4973.50,1,AHP-PL-EL-PDF-PSW-03 PV System Wiring Diagram T03 Rev_00.pdf
T03,12,T03-INV12,20,T03-INV12-S20,28,20,560,406.00,3x150,245,6860,4973.50,1,AHP-PL-EL-PDF-PSW-03 PV System Wiring Diagram T03 Rev_00.pdf
T04,1,T04-INV01,1,T04-INV01-S01,28,21,588,426.30,3x150,247,6916,5014.10,1,AHP-PL-EL-PDF-PSW-04 PV System Wiring Diagram T04 Rev_00.pdf
T04,1,T04-INV01,2,T04-INV01-S02,28,21,588,426.30,3x150,247,6916,5014.10,1,AHP-PL-EL-PDF-PSW-04 PV System Wiring Diagram T04 Rev_00.pdf
T04,1,T04-INV01,3,T04-INV01-S03,28,21,588,426.30,3x150,247,6916,5014.10,1,AHP-PL-EL-PDF-PSW-04 PV System Wiring Diagram T04 Rev_00.pdf
T04,1,T04-INV01,4,T04-INV01-S04,28,21,588,426.30,3x150,247,6916,5014.10,1,AHP-PL-EL-PDF-PSW-04 PV System Wiring Diagram T04 Rev_00.pdf
T04,1,T04-INV01,5,T04-INV01-S05,28,21,588,426.30,3x150,247,6916,5014.10,1,AHP-PL-EL-PDF-PSW-04 PV System Wiring Diagram T04 Rev_00.pdf
T04,1,T04-INV01,6,T04-INV01-S06,28,21,588,426.30,3x150,247,6916,5014.10,1,AHP-PL-EL-PDF-PSW-04 PV System Wiring Diagram T04 Rev_00.pdf
T04,1,T04-INV01,7,T04-INV01-S07,28,21,588,426.30,3x150,247,6916,5014.10,1,AHP-PL-EL-PDF-PSW-04 PV System Wiring Diagram T04 Rev_00.pdf
T04,1,T04-INV01,8,T04-INV01-S08,28,21,588,426.30,3x150,247,6916,5014.10,1,AHP-PL-EL-PDF-PSW-04 PV System Wiring Diagram T04 Rev_00.pdf
T04,1,T04-INV01,9,T04-INV01-S09,28,21,588,426.30,3x150,247,6916,5014.10,1,AHP-PL-EL-PDF-PSW-04 PV System Wiring Diagram T04 Rev_00.pdf
T04,1,T04-INV01,10,T04-INV01-S10,28,21,588,426.30,3x150,247,6916,5014.10,1,AHP-PL-EL-PDF-PSW-04 PV System Wiring Diagram T04 Rev_00.pdf
T04,1,T04-INV01,11,T04-INV01-S11,28,21,588,426.30,3x150,247,6916,5014.10,1,AHP-PL-EL-PDF-PSW-04 PV System Wiring Diagram T04 Rev_00.pdf
T04,1,T04-INV01,12,T04-INV01-S12,28,21,588,426.30,3x150,247,6916,5014.10,1,AHP-PL-EL-PDF-PSW-04 PV System Wiring Diagram T04 Rev_00.pdf
T04,1,T04-INV01,13,T04-INV01-S13,28,21,588,426.30,3x150,247,6916,5014.10,1,AHP-PL-EL-PDF-PSW-04 PV System Wiring Diagram T04 Rev_00.pdf
T04,1,T04-INV01,14,T04-INV01-S14,28,21,588,426.30,3x150,247,6916,5014.10,1,AHP-PL-EL-PDF-PSW-04 PV System Wiring Diagram T04 Rev_00.pdf
T04,1,T04-INV01,15,T04-INV01-S15,28,21,588,426.30,3x150,247,6916,5014.10,1,AHP-PL-EL-PDF-PSW-04 PV System Wiring Diagram T04 Rev_00.pdf
T04,1,T04-INV01,16,T04-INV01-S16,28,21,588,426.30,3x150,247,6916,5014.10,1,AHP-PL-EL-PDF-PSW-04 PV System Wiring Diagram T04 Rev_00.pdf
T04,1,T04-INV01,17,T04-INV01-S17,28,21,588,426.30,3x150,247,6916,5014.10,1,AHP-PL-EL-PDF-PSW-04 PV System Wiring Diagram T04 Rev_00.pdf
T04,1,T04-INV01,18,T04-INV01-S18,28,21,588,426.30,3x150,247,6916,5014.10,1,AHP-PL-EL-PDF-PSW-04 PV System Wiring Diagram T04 Rev_00.pdf
T04,1,T04-INV01,19,T04-INV01-S19,28,21,588,426.30,3x150,247,6916,5014.10,1,AHP-PL-EL-PDF-PSW-04 PV System Wiring Diagram T04 Rev_00.pdf
T04,1,T04-INV01,20,T04-INV01-S20,28,21,588,426.30,3x150,247,6916,5014.10,1,AHP-PL-EL-PDF-PSW-04 PV System Wiring Diagram T04 Rev_00.pdf
T04,1,T04-INV01,21,T04-INV01-S21,28,21,588,426.30,3x150,247,6916,5014.10,1,AHP-PL-EL-PDF-PSW-04 PV System Wiring Diagram T04 Rev_00.pdf
T04,2,T04-INV02,1,T04-INV02-S01,28,21,588,426.30,3x150,247,6916,5014.10,1,AHP-PL-EL-PDF-PSW-04 PV System Wiring Diagram T04 Rev_00.pdf
T04,2,T04-INV02,2,T04-INV02-S02,28,21,588,426.30,3x150,247,6916,5014.10,1,AHP-PL-EL-PDF-PSW-04 PV System Wiring Diagram T04 Rev_00.pdf
T04,2,T04-INV02,3,T04-INV02-S03,28,21,588,426.30,3x150,247,6916,5014.10,1,AHP-PL-EL-PDF-PSW-04 PV System Wiring Diagram T04 Rev_00.pdf
T04,2,T04-INV02,4,T04-INV02-S04,28,21,588,426.30,3x150,247,6916,5014.10,1,AHP-PL-EL-PDF-PSW-04 PV System Wiring Diagram T04 Rev_00.pdf
T04,2,T04-INV02,5,T04-INV02-S05,28,21,588,426.30,3x150,247,6916,5014.10,1,AHP-PL-EL-PDF-PSW-04 PV System Wiring Diagram T04 Rev_00.pdf
T04,2,T04-INV02,6,T04-INV02-S06,28,21,588,426.30,3x150,247,6916,5014.10,1,AHP-PL-EL-PDF-PSW-04 PV System Wiring Diagram T04 Rev_00.pdf
T04,2,T04-INV02,7,T04-INV02-S07,28,21,588,426.30,3x150,247,6916,5014.10,1,AHP-PL-EL-PDF-PSW-04 PV System Wiring Diagram T04 Rev_00.pdf
T04,2,T04-INV02,8,T04-INV02-S08,28,21,588,426.30,3x150,247,6916,5014.10,1,AHP-PL-EL-PDF-PSW-04 PV System Wiring Diagram T04 Rev_00.pdf
T04,2,T04-INV02,9,T04-INV02-S09,28,21,588,426.30,3x150,247,6916,5014.10,1,AHP-PL-EL-PDF-PSW-04 PV System Wiring Diagram T04 Rev_00.pdf
T04,2,T04-INV02,10,T04-INV02-S10,28,21,588,426.30,3x150,247,6916,5014.10,1,AHP-PL-EL-PDF-PSW-04 PV System Wiring Diagram T04 Rev_00.pdf
T04,2,T04-INV02,11,T04-INV02-S11,28,21,588,426.30,3x150,247,6916,5014.10,1,AHP-PL-EL-PDF-PSW-04 PV System Wiring Diagram T04 Rev_00.pdf
T04,2,T04-INV02,12,T04-INV02-S12,28,21,588,426.30,3x150,247,6916,5014.10,1,AHP-PL-EL-PDF-PSW-04 PV System Wiring Diagram T04 Rev_00.pdf
T04,2,T04-INV02,13,T04-INV02-S13,28,21,588,426.30,3x150,247,6916,5014.10,1,AHP-PL-EL-PDF-PSW-04 PV System Wiring Diagram T04 Rev_00.pdf
T04,2,T04-INV02,14,T04-INV02-S14,28,21,588,426.30,3x150,247,6916,5014.10,1,AHP-PL-EL-PDF-PSW-04 PV System Wiring Diagram T04 Rev_00.pdf
T04,2,T04-INV02,15,T04-INV02-S15,28,21,588,426.30,3x150,247,6916,5014.10,1,AHP-PL-EL-PDF-PSW-04 PV System Wiring Diagram T04 Rev_00.pdf
T04,2,T04-INV02,16,T04-INV02-S16,28,21,588,426.30,3x150,247,6916,5014.10,1,AHP-PL-EL-PDF-PSW-04 PV System Wiring Diagram T04 Rev_00.pdf
T04,2,T04-INV02,17,T04-INV02-S17,28,21,588,426.30,3x150,247,6916,5014.10,1,AHP-PL-EL-PDF-PSW-04 PV System Wiring Diagram T04 Rev_00.pdf
T04,2,T04-INV02,18,T04-INV02-S18,28,21,588,426.30,3x150,247,6916,5014.10,1,AHP-PL-EL-PDF-PSW-04 PV System Wiring Diagram T04 Rev_00.pdf
T04,2,T04-INV02,19,T04-INV02-S19,28,21,588,426.30,3x150,247,6916,5014.10,1,AHP-PL-EL-PDF-PSW-04 PV System Wiring Diagram T04 Rev_00.pdf
T04,2,T04-INV02,20,T04-INV02-S20,28,21,588,426.30,3x150,247,6916,5014.10,1,AHP-PL-EL-PDF-PSW-04 PV System Wiring Diagram T04 Rev_00.pdf
T04,2,T04-INV02,21,T04-INV02-S21,28,21,588,426.30,3x150,247,6916,5014.10,1,AHP-PL-EL-PDF-PSW-04 PV System Wiring Diagram T04 Rev_00.pdf
T04,3,T04-INV03,1,T04-INV03-S01,28,21,588,426.30,3x150,247,6916,5014.10,1,AHP-PL-EL-PDF-PSW-04 PV System Wiring Diagram T04 Rev_00.pdf
T04,3,T04-INV03,2,T04-INV03-S02,28,21,588,426.30,3x150,247,6916,5014.10,1,AHP-PL-EL-PDF-PSW-04 PV System Wiring Diagram T04 Rev_00.pdf
T04,3,T04-INV03,3,T04-INV03-S03,28,21,588,426.30,3x150,247,6916,5014.10,1,AHP-PL-EL-PDF-PSW-04 PV System Wiring Diagram T04 Rev_00.pdf
T04,3,T04-INV03,4,T04-INV03-S04,28,21,588,426.30,3x150,247,6916,5014.10,1,AHP-PL-EL-PDF-PSW-04 PV System Wiring Diagram T04 Rev_00.pdf
T04,3,T04-INV03,5,T04-INV03-S05,28,21,588,426.30,3x150,247,6916,5014.10,1,AHP-PL-EL-PDF-PSW-04 PV System Wiring Diagram T04 Rev_00.pdf
T04,3,T04-INV03,6,T04-INV03-S06,28,21,588,426.30,3x150,247,6916,5014.10,1,AHP-PL-EL-PDF-PSW-04 PV System Wiring Diagram T04 Rev_00.pdf
T04,3,T04-INV03,7,T04-INV03-S07,28,21,588,426.30,3x150,247,6916,5014.10,1,AHP-PL-EL-PDF-PSW-04 PV System Wiring Diagram T04 Rev_00.pdf
T04,3,T04-INV03,8,T04-INV03-S08,28,21,588,426.30,3x150,247,6916,5014.10,1,AHP-PL-EL-PDF-PSW-04 PV System Wiring Diagram T04 Rev_00.pdf
T04,3,T04-INV03,9,T04-INV03-S09,28,21,588,426.30,3x150,247,6916,5014.10,1,AHP-PL-EL-PDF-PSW-04 PV System Wiring Diagram T04 Rev_00.pdf
T04,3,T04-INV03,10,T04-INV03-S10,28,21,588,426.30,3x150,247,6916,5014.10,1,AHP-PL-EL-PDF-PSW-04 PV System Wiring Diagram T04 Rev_00.pdf
T04,3,T04-INV03,11,T04-INV03-S11,28,21,588,426.30,3x150,247,6916,5014.10,1,AHP-PL-EL-PDF-PSW-04 PV System Wiring Diagram T04 Rev_00.pdf
T04,3,T04-INV03,12,T04-INV03-S12,28,21,588,426.30,3x150,247,6916,5014.10,1,AHP-PL-EL-PDF-PSW-04 PV System Wiring Diagram T04 Rev_00.pdf
T04,3,T04-INV03,13,T04-INV03-S13,28,21,588,426.30,3x150,247,6916,5014.10,1,AHP-PL-EL-PDF-PSW-04 PV System Wiring Diagram T04 Rev_00.pdf
T04,3,T04-INV03,14,T04-INV03-S14,28,21,588,426.30,3x150,247,6916,5014.10,1,AHP-PL-EL-PDF-PSW-04 PV System Wiring Diagram T04 Rev_00.pdf
T04,3,T04-INV03,15,T04-INV03-S15,28,21,588,426.30,3x150,247,6916,5014.10,1,AHP-PL-EL-PDF-PSW-04 PV System Wiring Diagram T04 Rev_00.pdf
T04,3,T04-INV03,16,T04-INV03-S16,28,21,588,426.30,3x150,247,6916,5014.10,1,AHP-PL-EL-PDF-PSW-04 PV System Wiring Diagram T04 Rev_00.pdf
T04,3,T04-INV03,17,T04-INV03-S17,28,21,588,426.30,3x150,247,6916,5014.10,1,AHP-PL-EL-PDF-PSW-04 PV System Wiring Diagram T04 Rev_00.pdf
T04,3,T04-INV03,18,T04-INV03-S18,28,21,588,426.30,3x150,247,6916,5014.10,1,AHP-PL-EL-PDF-PSW-04 PV System Wiring Diagram T04 Rev_00.pdf
T04,3,T04-INV03,19,T04-INV03-S19,28,21,588,426.30,3x150,247,6916,5014.10,1,AHP-PL-EL-PDF-PSW-04 PV System Wiring Diagram T04 Rev_00.pdf
T04,3,T04-INV03,20,T04-INV03-S20,28,21,588,426.30,3x150,247,6916,5014.10,1,AHP-PL-EL-PDF-PSW-04 PV System Wiring Diagram T04 Rev_00.pdf
T04,3,T04-INV03,21,T04-INV03-S21,28,21,588,426.30,3x150,247,6916,5014.10,1,AHP-PL-EL-PDF-PSW-04 PV System Wiring Diagram T04 Rev_00.pdf
T04,4,T04-INV04,1,T04-INV04-S01,28,21,588,426.30,3x150,247,6916,5014.10,1,AHP-PL-EL-PDF-PSW-04 PV System Wiring Diagram T04 Rev_00.pdf
T04,4,T04-INV04,2,T04-INV04-S02,28,21,588,426.30,3x150,247,6916,5014.10,1,AHP-PL-EL-PDF-PSW-04 PV System Wiring Diagram T04 Rev_00.pdf
T04,4,T04-INV04,3,T04-INV04-S03,28,21,588,426.30,3x150,247,6916,5014.10,1,AHP-PL-EL-PDF-PSW-04 PV System Wiring Diagram T04 Rev_00.pdf
T04,4,T04-INV04,4,T04-INV04-S04,28,21,588,426.30,3x150,247,6916,5014.10,1,AHP-PL-EL-PDF-PSW-04 PV System Wiring Diagram T04 Rev_00.pdf
T04,4,T04-INV04,5,T04-INV04-S05,28,21,588,426.30,3x150,247,6916,5014.10,1,AHP-PL-EL-PDF-PSW-04 PV System Wiring Diagram T04 Rev_00.pdf
T04,4,T04-INV04,6,T04-INV04-S06,28,21,588,426.30,3x150,247,6916,5014.10,1,AHP-PL-EL-PDF-PSW-04 PV System Wiring Diagram T04 Rev_00.pdf
T04,4,T04-INV04,7,T04-INV04-S07,28,21,588,426.30,3x150,247,6916,5014.10,1,AHP-PL-EL-PDF-PSW-04 PV System Wiring Diagram T04 Rev_00.pdf
T04,4,T04-INV04,8,T04-INV04-S08,28,21,588,426.30,3x150,247,6916,5014.10,1,AHP-PL-EL-PDF-PSW-04 PV System Wiring Diagram T04 Rev_00.pdf
T04,4,T04-INV04,9,T04-INV04-S09,28,21,588,426.30,3x150,247,6916,5014.10,1,AHP-PL-EL-PDF-PSW-04 PV System Wiring Diagram T04 Rev_00.pdf
T04,4,T04-INV04,10,T04-INV04-S10,28,21,588,426.30,3x150,247,6916,5014.10,1,AHP-PL-EL-PDF-PSW-04 PV System Wiring Diagram T04 Rev_00.pdf
T04,4,T04-INV04,11,T04-INV04-S11,28,21,588,426.30,3x150,247,6916,5014.10,1,AHP-PL-EL-PDF-PSW-04 PV System Wiring Diagram T04 Rev_00.pdf
T04,4,T04-INV04,12,T04-INV04-S12,28,21,588,426.30,3x150,247,6916,5014.10,1,AHP-PL-EL-PDF-PSW-04 PV System Wiring Diagram T04 Rev_00.pdf
T04,4,T04-INV04,13,T04-INV04-S13,28,21,588,426.30,3x150,247,6916,5014.10,1,AHP-PL-EL-PDF-PSW-04 PV System Wiring Diagram T04 Rev_00.pdf
T04,4,T04-INV04,14,T04-INV04-S14,28,21,588,426.30,3x150,247,6916,5014.10,1,AHP-PL-EL-PDF-PSW-04 PV System Wiring Diagram T04 Rev_00.pdf
T04,4,T04-INV04,15,T04-INV04-S15,28,21,588,426.30,3x150,247,6916,5014.10,1,AHP-PL-EL-PDF-PSW-04 PV System Wiring Diagram T04 Rev_00.pdf
T04,4,T04-INV04,16,T04-INV04-S16,28,21,588,426.30,3x150,247,6916,5014.10,1,AHP-PL-EL-PDF-PSW-04 PV System Wiring Diagram T04 Rev_00.pdf
T04,4,T04-INV04,17,T04-INV04-S17,28,21,588,426.30,3x150,247,6916,5014.10,1,AHP-PL-EL-PDF-PSW-04 PV System Wiring Diagram T04 Rev_00.pdf
T04,4,T04-INV04,18,T04-INV04-S18,28,21,588,426.30,3x150,247,6916,5014.10,1,AHP-PL-EL-PDF-PSW-04 PV System Wiring Diagram T04 Rev_00.pdf
T04,4,T04-INV04,19,T04-INV04-S19,28,21,588,426.30,3x150,247,6916,5014.10,1,AHP-PL-EL-PDF-PSW-04 PV System Wiring Diagram T04 Rev_00.pdf
T04,4,T04-INV04,20,T04-INV04-S20,28,21,588,426.30,3x150,247,6916,5014.10,1,AHP-PL-EL-PDF-PSW-04 PV System Wiring Diagram T04 Rev_00.pdf
T04,4,T04-INV04,21,T04-INV04-S21,28,21,588,426.30,3x150,247,6916,5014.10,1,AHP-PL-EL-PDF-PSW-04 PV System Wiring Diagram T04 Rev_00.pdf
T04,5,T04-INV05,1,T04-INV05-S01,28,21,588,426.30,3x150,247,6916,5014.10,1,AHP-PL-EL-PDF-PSW-04 PV System Wiring Diagram T04 Rev_00.pdf
T04,5,T04-INV05,2,T04-INV05-S02,28,21,588,426.30,3x150,247,6916,5014.10,1,AHP-PL-EL-PDF-PSW-04 PV System Wiring Diagram T04 Rev_00.pdf
T04,5,T04-INV05,3,T04-INV05-S03,28,21,588,426.30,3x150,247,6916,5014.10,1,AHP-PL-EL-PDF-PSW-04 PV System Wiring Diagram T04 Rev_00.pdf
T04,5,T04-INV05,4,T04-INV05-S04,28,21,588,426.30,3x150,247,6916,5014.10,1,AHP-PL-EL-PDF-PSW-04 PV System Wiring Diagram T04 Rev_00.pdf
T04,5,T04-INV05,5,T04-INV05-S05,28,21,588,426.30,3x150,247,6916,5014.10,1,AHP-PL-EL-PDF-PSW-04 PV System Wiring Diagram T04 Rev_00.pdf
T04,5,T04-INV05,6,T04-INV05-S06,28,21,588,426.30,3x150,247,6916,5014.10,1,AHP-PL-EL-PDF-PSW-04 PV System Wiring Diagram T04 Rev_00.pdf
T04,5,T04-INV05,7,T04-INV05-S07,28,21,588,426.30,3x150,247,6916,5014.10,1,AHP-PL-EL-PDF-PSW-04 PV System Wiring Diagram T04 Rev_00.pdf
T04,5,T04-INV05,8,T04-INV05-S08,28,21,588,426.30,3x150,247,6916,5014.10,1,AHP-PL-EL-PDF-PSW-04 PV System Wiring Diagram T04 Rev_00.pdf
T04,5,T04-INV05,9,T04-INV05-S09,28,21,588,426.30,3x150,247,6916,5014.10,1,AHP-PL-EL-PDF-PSW-04 PV System Wiring Diagram T04 Rev_00.pdf
T04,5,T04-INV05,10,T04-INV05-S10,28,21,588,426.30,3x150,247,6916,5014.10,1,AHP-PL-EL-PDF-PSW-04 PV System Wiring Diagram T04 Rev_00.pdf
T04,5,T04-INV05,11,T04-INV05-S11,28,21,588,426.30,3x150,247,6916,5014.10,1,AHP-PL-EL-PDF-PSW-04 PV System Wiring Diagram T04 Rev_00.pdf
T04,5,T04-INV05,12,T04-INV05-S12,28,21,588,426.30,3x150,247,6916,5014.10,1,AHP-PL-EL-PDF-PSW-04 PV System Wiring Diagram T04 Rev_00.pdf
T04,5,T04-INV05,13,T04-INV05-S13,28,21,588,426.30,3x150,247,6916,5014.10,1,AHP-PL-EL-PDF-PSW-04 PV System Wiring Diagram T04 Rev_00.pdf
T04,5,T04-INV05,14,T04-INV05-S14,28,21,588,426.30,3x150,247,6916,5014.10,1,AHP-PL-EL-PDF-PSW-04 PV System Wiring Diagram T04 Rev_00.pdf
T04,5,T04-INV05,15,T04-INV05-S15,28,21,588,426.30,3x150,247,6916,5014.10,1,AHP-PL-EL-PDF-PSW-04 PV System Wiring Diagram T04 Rev_00.pdf
T04,5,T04-INV05,16,T04-INV05-S16,28,21,588,426.30,3x150,247,6916,5014.10,1,AHP-PL-EL-PDF-PSW-04 PV System Wiring Diagram T04 Rev_00.pdf
T04,5,T04-INV05,17,T04-INV05-S17,28,21,588,426.30,3x150,247,6916,5014.10,1,AHP-PL-EL-PDF-PSW-04 PV System Wiring Diagram T04 Rev_00.pdf
T04,5,T04-INV05,18,T04-INV05-S18,28,21,588,426.30,3x150,247,6916,5014.10,1,AHP-PL-EL-PDF-PSW-04 PV System Wiring Diagram T04 Rev_00.pdf
T04,5,T04-INV05,19,T04-INV05-S19,28,21,588,426.30,3x150,247,6916,5014.10,1,AHP-PL-EL-PDF-PSW-04 PV System Wiring Diagram T04 Rev_00.pdf
T04,5,T04-INV05,20,T04-INV05-S20,28,21,588,426.30,3x150,247,6916,5014.10,1,AHP-PL-EL-PDF-PSW-04 PV System Wiring Diagram T04 Rev_00.pdf
T04,5,T04-INV05,21,T04-INV05-S21,28,21,588,426.30,3x150,247,6916,5014.10,1,AHP-PL-EL-PDF-PSW-04 PV System Wiring Diagram T04 Rev_00.pdf
T04,6,T04-INV06,1,T04-INV06-S01,28,21,588,426.30,3x150,247,6916,5014.10,1,AHP-PL-EL-PDF-PSW-04 PV System Wiring Diagram T04 Rev_00.pdf
T04,6,T04-INV06,2,T04-INV06-S02,28,21,588,426.30,3x150,247,6916,5014.10,1,AHP-PL-EL-PDF-PSW-04 PV System Wiring Diagram T04 Rev_00.pdf
T04,6,T04-INV06,3,T04-INV06-S03,28,21,588,426.30,3x150,247,6916,5014.10,1,AHP-PL-EL-PDF-PSW-04 PV System Wiring Diagram T04 Rev_00.pdf
T04,6,T04-INV06,4,T04-INV06-S04,28,21,588,426.30,3x150,247,6916,5014.10,1,AHP-PL-EL-PDF-PSW-04 PV System Wiring Diagram T04 Rev_00.pdf
T04,6,T04-INV06,5,T04-INV06-S05,28,21,588,426.30,3x150,247,6916,5014.10,1,AHP-PL-EL-PDF-PSW-04 PV System Wiring Diagram T04 Rev_00.pdf
T04,6,T04-INV06,6,T04-INV06-S06,28,21,588,426.30,3x150,247,6916,5014.10,1,AHP-PL-EL-PDF-PSW-04 PV System Wiring Diagram T04 Rev_00.pdf
T04,6,T04-INV06,7,T04-INV06-S07,28,21,588,426.30,3x150,247,6916,5014.10,1,AHP-PL-EL-PDF-PSW-04 PV System Wiring Diagram T04 Rev_00.pdf
T04,6,T04-INV06,8,T04-INV06-S08,28,21,588,426.30,3x150,247,6916,5014.10,1,AHP-PL-EL-PDF-PSW-04 PV System Wiring Diagram T04 Rev_00.pdf
T04,6,T04-INV06,9,T04-INV06-S09,28,21,588,426.30,3x150,247,6916,5014.10,1,AHP-PL-EL-PDF-PSW-04 PV System Wiring Diagram T04 Rev_00.pdf
T04,6,T04-INV06,10,T04-INV06-S10,28,21,588,426.30,3x150,247,6916,5014.10,1,AHP-PL-EL-PDF-PSW-04 PV System Wiring Diagram T04 Rev_00.pdf
T04,6,T04-INV06,11,T04-INV06-S11,28,21,588,426.30,3x150,247,6916,5014.10,1,AHP-PL-EL-PDF-PSW-04 PV System Wiring Diagram T04 Rev_00.pdf
T04,6,T04-INV06,12,T04-INV06-S12,28,21,588,426.30,3x150,247,6916,5014.10,1,AHP-PL-EL-PDF-PSW-04 PV System Wiring Diagram T04 Rev_00.pdf
T04,6,T04-INV06,13,T04-INV06-S13,28,21,588,426.30,3x150,247,6916,5014.10,1,AHP-PL-EL-PDF-PSW-04 PV System Wiring Diagram T04 Rev_00.pdf
T04,6,T04-INV06,14,T04-INV06-S14,28,21,588,426.30,3x150,247,6916,5014.10,1,AHP-PL-EL-PDF-PSW-04 PV System Wiring Diagram T04 Rev_00.pdf
T04,6,T04-INV06,15,T04-INV06-S15,28,21,588,426.30,3x150,247,6916,5014.10,1,AHP-PL-EL-PDF-PSW-04 PV System Wiring Diagram T04 Rev_00.pdf
T04,6,T04-INV06,16,T04-INV06-S16,28,21,588,426.30,3x150,247,6916,5014.10,1,AHP-PL-EL-PDF-PSW-04 PV System Wiring Diagram T04 Rev_00.pdf
T04,6,T04-INV06,17,T04-INV06-S17,28,21,588,426.30,3x150,247,6916,5014.10,1,AHP-PL-EL-PDF-PSW-04 PV System Wiring Diagram T04 Rev_00.pdf
T04,6,T04-INV06,18,T04-INV06-S18,28,21,588,426.30,3x150,247,6916,5014.10,1,AHP-PL-EL-PDF-PSW-04 PV System Wiring Diagram T04 Rev_00.pdf
T04,6,T04-INV06,19,T04-INV06-S19,28,21,588,426.30,3x150,247,6916,5014.10,1,AHP-PL-EL-PDF-PSW-04 PV System Wiring Diagram T04 Rev_00.pdf
T04,6,T04-INV06,20,T04-INV06-S20,28,21,588,426.30,3x150,247,6916,5014.10,1,AHP-PL-EL-PDF-PSW-04 PV System Wiring Diagram T04 Rev_00.pdf
T04,6,T04-INV06,21,T04-INV06-S21,28,21,588,426.30,3x150,247,6916,5014.10,1,AHP-PL-EL-PDF-PSW-04 PV System Wiring Diagram T04 Rev_00.pdf
T04,7,T04-INV07,1,T04-INV07-S01,28,21,588,426.30,3x150,247,6916,5014.10,1,AHP-PL-EL-PDF-PSW-04 PV System Wiring Diagram T04 Rev_00.pdf
T04,7,T04-INV07,2,T04-INV07-S02,28,21,588,426.30,3x150,247,6916,5014.10,1,AHP-PL-EL-PDF-PSW-04 PV System Wiring Diagram T04 Rev_00.pdf
T04,7,T04-INV07,3,T04-INV07-S03,28,21,588,426.30,3x150,247,6916,5014.10,1,AHP-PL-EL-PDF-PSW-04 PV System Wiring Diagram T04 Rev_00.pdf
T04,7,T04-INV07,4,T04-INV07-S04,28,21,588,426.30,3x150,247,6916,5014.10,1,AHP-PL-EL-PDF-PSW-04 PV System Wiring Diagram T04 Rev_00.pdf
T04,7,T04-INV07,5,T04-INV07-S05,28,21,588,426.30,3x150,247,6916,5014.10,1,AHP-PL-EL-PDF-PSW-04 PV System Wiring Diagram T04 Rev_00.pdf
T04,7,T04-INV07,6,T04-INV07-S06,28,21,588,426.30,3x150,247,6916,5014.10,1,AHP-PL-EL-PDF-PSW-04 PV System Wiring Diagram T04 Rev_00.pdf
T04,7,T04-INV07,7,T04-INV07-S07,28,21,588,426.30,3x150,247,6916,5014.10,1,AHP-PL-EL-PDF-PSW-04 PV System Wiring Diagram T04 Rev_00.pdf
T04,7,T04-INV07,8,T04-INV07-S08,28,21,588,426.30,3x150,247,6916,5014.10,1,AHP-PL-EL-PDF-PSW-04 PV System Wiring Diagram T04 Rev_00.pdf
T04,7,T04-INV07,9,T04-INV07-S09,28,21,588,426.30,3x150,247,6916,5014.10,1,AHP-PL-EL-PDF-PSW-04 PV System Wiring Diagram T04 Rev_00.pdf
T04,7,T04-INV07,10,T04-INV07-S10,28,21,588,426.30,3x150,247,6916,5014.10,1,AHP-PL-EL-PDF-PSW-04 PV System Wiring Diagram T04 Rev_00.pdf
T04,7,T04-INV07,11,T04-INV07-S11,28,21,588,426.30,3x150,247,6916,5014.10,1,AHP-PL-EL-PDF-PSW-04 PV System Wiring Diagram T04 Rev_00.pdf
T04,7,T04-INV07,12,T04-INV07-S12,28,21,588,426.30,3x150,247,6916,5014.10,1,AHP-PL-EL-PDF-PSW-04 PV System Wiring Diagram T04 Rev_00.pdf
T04,7,T04-INV07,13,T04-INV07-S13,28,21,588,426.30,3x150,247,6916,5014.10,1,AHP-PL-EL-PDF-PSW-04 PV System Wiring Diagram T04 Rev_00.pdf
T04,7,T04-INV07,14,T04-INV07-S14,28,21,588,426.30,3x150,247,6916,5014.10,1,AHP-PL-EL-PDF-PSW-04 PV System Wiring Diagram T04 Rev_00.pdf
T04,7,T04-INV07,15,T04-INV07-S15,28,21,588,426.30,3x150,247,6916,5014.10,1,AHP-PL-EL-PDF-PSW-04 PV System Wiring Diagram T04 Rev_00.pdf
T04,7,T04-INV07,16,T04-INV07-S16,28,21,588,426.30,3x150,247,6916,5014.10,1,AHP-PL-EL-PDF-PSW-04 PV System Wiring Diagram T04 Rev_00.pdf
T04,7,T04-INV07,17,T04-INV07-S17,28,21,588,426.30,3x150,247,6916,5014.10,1,AHP-PL-EL-PDF-PSW-04 PV System Wiring Diagram T04 Rev_00.pdf
T04,7,T04-INV07,18,T04-INV07-S18,28,21,588,426.30,3x150,247,6916,5014.10,1,AHP-PL-EL-PDF-PSW-04 PV System Wiring Diagram T04 Rev_00.pdf
T04,7,T04-INV07,19,T04-INV07-S19,28,21,588,426.30,3x150,247,6916,5014.10,1,AHP-PL-EL-PDF-PSW-04 PV System Wiring Diagram T04 Rev_00.pdf
T04,7,T04-INV07,20,T04-INV07-S20,28,21,588,426.30,3x150,247,6916,5014.10,1,AHP-PL-EL-PDF-PSW-04 PV System Wiring Diagram T04 Rev_00.pdf
T04,7,T04-INV07,21,T04-INV07-S21,28,21,588,426.30,3x150,247,6916,5014.10,1,AHP-PL-EL-PDF-PSW-04 PV System Wiring Diagram T04 Rev_00.pdf
T04,8,T04-INV08,1,T04-INV08-S01,28,20,560,406.00,3x150,247,6916,5014.10,1,AHP-PL-EL-PDF-PSW-04 PV System Wiring Diagram T04 Rev_00.pdf
T04,8,T04-INV08,2,T04-INV08-S02,28,20,560,406.00,3x150,247,6916,5014.10,1,AHP-PL-EL-PDF-PSW-04 PV System Wiring Diagram T04 Rev_00.pdf
T04,8,T04-INV08,3,T04-INV08-S03,28,20,560,406.00,3x150,247,6916,5014.10,1,AHP-PL-EL-PDF-PSW-04 PV System Wiring Diagram T04 Rev_00.pdf
T04,8,T04-INV08,4,T04-INV08-S04,28,20,560,406.00,3x150,247,6916,5014.10,1,AHP-PL-EL-PDF-PSW-04 PV System Wiring Diagram T04 Rev_00.pdf
T04,8,T04-INV08,5,T04-INV08-S05,28,20,560,406.00,3x150,247,6916,5014.10,1,AHP-PL-EL-PDF-PSW-04 PV System Wiring Diagram T04 Rev_00.pdf
T04,8,T04-INV08,6,T04-INV08-S06,28,20,560,406.00,3x150,247,6916,5014.10,1,AHP-PL-EL-PDF-PSW-04 PV System Wiring Diagram T04 Rev_00.pdf
T04,8,T04-INV08,7,T04-INV08-S07,28,20,560,406.00,3x150,247,6916,5014.10,1,AHP-PL-EL-PDF-PSW-04 PV System Wiring Diagram T04 Rev_00.pdf
T04,8,T04-INV08,8,T04-INV08-S08,28,20,560,406.00,3x150,247,6916,5014.10,1,AHP-PL-EL-PDF-PSW-04 PV System Wiring Diagram T04 Rev_00.pdf
T04,8,T04-INV08,9,T04-INV08-S09,28,20,560,406.00,3x150,247,6916,5014.10,1,AHP-PL-EL-PDF-PSW-04 PV System Wiring Diagram T04 Rev_00.pdf
T04,8,T04-INV08,10,T04-INV08-S10,28,20,560,406.00,3x150,247,6916,5014.10,1,AHP-PL-EL-PDF-PSW-04 PV System Wiring Diagram T04 Rev_00.pdf
T04,8,T04-INV08,11,T04-INV08-S11,28,20,560,406.00,3x150,247,6916,5014.10,1,AHP-PL-EL-PDF-PSW-04 PV System Wiring Diagram T04 Rev_00.pdf
T04,8,T04-INV08,12,T04-INV08-S12,28,20,560,406.00,3x150,247,6916,5014.10,1,AHP-PL-EL-PDF-PSW-04 PV System Wiring Diagram T04 Rev_00.pdf
T04,8,T04-INV08,13,T04-INV08-S13,28,20,560,406.00,3x150,247,6916,5014.10,1,AHP-PL-EL-PDF-PSW-04 PV System Wiring Diagram T04 Rev_00.pdf
T04,8,T04-INV08,14,T04-INV08-S14,28,20,560,406.00,3x150,247,6916,5014.10,1,AHP-PL-EL-PDF-PSW-04 PV System Wiring Diagram T04 Rev_00.pdf
T04,8,T04-INV08,15,T04-INV08-S15,28,20,560,406.00,3x150,247,6916,5014.10,1,AHP-PL-EL-PDF-PSW-04 PV System Wiring Diagram T04 Rev_00.pdf
T04,8,T04-INV08,16,T04-INV08-S16,28,20,560,406.00,3x150,247,6916,5014.10,1,AHP-PL-EL-PDF-PSW-04 PV System Wiring Diagram T04 Rev_00.pdf
T04,8,T04-INV08,17,T04-INV08-S17,28,20,560,406.00,3x150,247,6916,5014.10,1,AHP-PL-EL-PDF-PSW-04 PV System Wiring Diagram T04 Rev_00.pdf
T04,8,T04-INV08,18,T04-INV08-S18,28,20,560,406.00,3x150,247,6916,5014.10,1,AHP-PL-EL-PDF-PSW-04 PV System Wiring Diagram T04 Rev_00.pdf
T04,8,T04-INV08,19,T04-INV08-S19,28,20,560,406.00,3x150,247,6916,5014.10,1,AHP-PL-EL-PDF-PSW-04 PV System Wiring Diagram T04 Rev_00.pdf
T04,8,T04-INV08,20,T04-INV08-S20,28,20,560,406.00,3x150,247,6916,5014.10,1,AHP-PL-EL-PDF-PSW-04 PV System Wiring Diagram T04 Rev_00.pdf
T04,9,T04-INV09,1,T04-INV09-S01,28,20,560,406.00,3x150,247,6916,5014.10,1,AHP-PL-EL-PDF-PSW-04 PV System Wiring Diagram T04 Rev_00.pdf
T04,9,T04-INV09,2,T04-INV09-S02,28,20,560,406.00,3x150,247,6916,5014.10,1,AHP-PL-EL-PDF-PSW-04 PV System Wiring Diagram T04 Rev_00.pdf
T04,9,T04-INV09,3,T04-INV09-S03,28,20,560,406.00,3x150,247,6916,5014.10,1,AHP-PL-EL-PDF-PSW-04 PV System Wiring Diagram T04 Rev_00.pdf
T04,9,T04-INV09,4,T04-INV09-S04,28,20,560,406.00,3x150,247,6916,5014.10,1,AHP-PL-EL-PDF-PSW-04 PV System Wiring Diagram T04 Rev_00.pdf
T04,9,T04-INV09,5,T04-INV09-S05,28,20,560,406.00,3x150,247,6916,5014.10,1,AHP-PL-EL-PDF-PSW-04 PV System Wiring Diagram T04 Rev_00.pdf
T04,9,T04-INV09,6,T04-INV09-S06,28,20,560,406.00,3x150,247,6916,5014.10,1,AHP-PL-EL-PDF-PSW-04 PV System Wiring Diagram T04 Rev_00.pdf
T04,9,T04-INV09,7,T04-INV09-S07,28,20,560,406.00,3x150,247,6916,5014.10,1,AHP-PL-EL-PDF-PSW-04 PV System Wiring Diagram T04 Rev_00.pdf
T04,9,T04-INV09,8,T04-INV09-S08,28,20,560,406.00,3x150,247,6916,5014.10,1,AHP-PL-EL-PDF-PSW-04 PV System Wiring Diagram T04 Rev_00.pdf
T04,9,T04-INV09,9,T04-INV09-S09,28,20,560,406.00,3x150,247,6916,5014.10,1,AHP-PL-EL-PDF-PSW-04 PV System Wiring Diagram T04 Rev_00.pdf
T04,9,T04-INV09,10,T04-INV09-S10,28,20,560,406.00,3x150,247,6916,5014.10,1,AHP-PL-EL-PDF-PSW-04 PV System Wiring Diagram T04 Rev_00.pdf
T04,9,T04-INV09,11,T04-INV09-S11,28,20,560,406.00,3x150,247,6916,5014.10,1,AHP-PL-EL-PDF-PSW-04 PV System Wiring Diagram T04 Rev_00.pdf
T04,9,T04-INV09,12,T04-INV09-S12,28,20,560,406.00,3x150,247,6916,5014.10,1,AHP-PL-EL-PDF-PSW-04 PV System Wiring Diagram T04 Rev_00.pdf
T04,9,T04-INV09,13,T04-INV09-S13,28,20,560,406.00,3x150,247,6916,5014.10,1,AHP-PL-EL-PDF-PSW-04 PV System Wiring Diagram T04 Rev_00.pdf
T04,9,T04-INV09,14,T04-INV09-S14,28,20,560,406.00,3x150,247,6916,5014.10,1,AHP-PL-EL-PDF-PSW-04 PV System Wiring Diagram T04 Rev_00.pdf
T04,9,T04-INV09,15,T04-INV09-S15,28,20,560,406.00,3x150,247,6916,5014.10,1,AHP-PL-EL-PDF-PSW-04 PV System Wiring Diagram T04 Rev_00.pdf
T04,9,T04-INV09,16,T04-INV09-S16,28,20,560,406.00,3x150,247,6916,5014.10,1,AHP-PL-EL-PDF-PSW-04 PV System Wiring Diagram T04 Rev_00.pdf
T04,9,T04-INV09,17,T04-INV09-S17,28,20,560,406.00,3x150,247,6916,5014.10,1,AHP-PL-EL-PDF-PSW-04 PV System Wiring Diagram T04 Rev_00.pdf
T04,9,T04-INV09,18,T04-INV09-S18,28,20,560,406.00,3x150,247,6916,5014.10,1,AHP-PL-EL-PDF-PSW-04 PV System Wiring Diagram T04 Rev_00.pdf
T04,9,T04-INV09,19,T04-INV09-S19,28,20,560,406.00,3x150,247,6916,5014.10,1,AHP-PL-EL-PDF-PSW-04 PV System Wiring Diagram T04 Rev_00.pdf
T04,9,T04-INV09,20,T04-INV09-S20,28,20,560,406.00,3x150,247,6916,5014.10,1,AHP-PL-EL-PDF-PSW-04 PV System Wiring Diagram T04 Rev_00.pdf
T04,10,T04-INV10,1,T04-INV10-S01,28,20,560,406.00,3x150,247,6916,5014.10,1,AHP-PL-EL-PDF-PSW-04 PV System Wiring Diagram T04 Rev_00.pdf
T04,10,T04-INV10,2,T04-INV10-S02,28,20,560,406.00,3x150,247,6916,5014.10,1,AHP-PL-EL-PDF-PSW-04 PV System Wiring Diagram T04 Rev_00.pdf
T04,10,T04-INV10,3,T04-INV10-S03,28,20,560,406.00,3x150,247,6916,5014.10,1,AHP-PL-EL-PDF-PSW-04 PV System Wiring Diagram T04 Rev_00.pdf
T04,10,T04-INV10,4,T04-INV10-S04,28,20,560,406.00,3x150,247,6916,5014.10,1,AHP-PL-EL-PDF-PSW-04 PV System Wiring Diagram T04 Rev_00.pdf
T04,10,T04-INV10,5,T04-INV10-S05,28,20,560,406.00,3x150,247,6916,5014.10,1,AHP-PL-EL-PDF-PSW-04 PV System Wiring Diagram T04 Rev_00.pdf
T04,10,T04-INV10,6,T04-INV10-S06,28,20,560,406.00,3x150,247,6916,5014.10,1,AHP-PL-EL-PDF-PSW-04 PV System Wiring Diagram T04 Rev_00.pdf
T04,10,T04-INV10,7,T04-INV10-S07,28,20,560,406.00,3x150,247,6916,5014.10,1,AHP-PL-EL-PDF-PSW-04 PV System Wiring Diagram T04 Rev_00.pdf
T04,10,T04-INV10,8,T04-INV10-S08,28,20,560,406.00,3x150,247,6916,5014.10,1,AHP-PL-EL-PDF-PSW-04 PV System Wiring Diagram T04 Rev_00.pdf
T04,10,T04-INV10,9,T04-INV10-S09,28,20,560,406.00,3x150,247,6916,5014.10,1,AHP-PL-EL-PDF-PSW-04 PV System Wiring Diagram T04 Rev_00.pdf
T04,10,T04-INV10,10,T04-INV10-S10,28,20,560,406.00,3x150,247,6916,5014.10,1,AHP-PL-EL-PDF-PSW-04 PV System Wiring Diagram T04 Rev_00.pdf
T04,10,T04-INV10,11,T04-INV10-S11,28,20,560,406.00,3x150,247,6916,5014.10,1,AHP-PL-EL-PDF-PSW-04 PV System Wiring Diagram T04 Rev_00.pdf
T04,10,T04-INV10,12,T04-INV10-S12,28,20,560,406.00,3x150,247,6916,5014.10,1,AHP-PL-EL-PDF-PSW-04 PV System Wiring Diagram T04 Rev_00.pdf
T04,10,T04-INV10,13,T04-INV10-S13,28,20,560,406.00,3x150,247,6916,5014.10,1,AHP-PL-EL-PDF-PSW-04 PV System Wiring Diagram T04 Rev_00.pdf
T04,10,T04-INV10,14,T04-INV10-S14,28,20,560,406.00,3x150,247,6916,5014.10,1,AHP-PL-EL-PDF-PSW-04 PV System Wiring Diagram T04 Rev_00.pdf
T04,10,T04-INV10,15,T04-INV10-S15,28,20,560,406.00,3x150,247,6916,5014.10,1,AHP-PL-EL-PDF-PSW-04 PV System Wiring Diagram T04 Rev_00.pdf
T04,10,T04-INV10,16,T04-INV10-S16,28,20,560,406.00,3x150,247,6916,5014.10,1,AHP-PL-EL-PDF-PSW-04 PV System Wiring Diagram T04 Rev_00.pdf
T04,10,T04-INV10,17,T04-INV10-S17,28,20,560,406.00,3x150,247,6916,5014.10,1,AHP-PL-EL-PDF-PSW-04 PV System Wiring Diagram T04 Rev_00.pdf
T04,10,T04-INV10,18,T04-INV10-S18,28,20,560,406.00,3x150,247,6916,5014.10,1,AHP-PL-EL-PDF-PSW-04 PV System Wiring Diagram T04 Rev_00.pdf
T04,10,T04-INV10,19,T04-INV10-S19,28,20,560,406.00,3x150,247,6916,5014.10,1,AHP-PL-EL-PDF-PSW-04 PV System Wiring Diagram T04 Rev_00.pdf
T04,10,T04-INV10,20,T04-INV10-S20,28,20,560,406.00,3x150,247,6916,5014.10,1,AHP-PL-EL-PDF-PSW-04 PV System Wiring Diagram T04 Rev_00.pdf
T04,11,T04-INV11,1,T04-INV11-S01,28,20,560,406.00,3x150,247,6916,5014.10,1,AHP-PL-EL-PDF-PSW-04 PV System Wiring Diagram T04 Rev_00.pdf
T04,11,T04-INV11,2,T04-INV11-S02,28,20,560,406.00,3x150,247,6916,5014.10,1,AHP-PL-EL-PDF-PSW-04 PV System Wiring Diagram T04 Rev_00.pdf
T04,11,T04-INV11,3,T04-INV11-S03,28,20,560,406.00,3x150,247,6916,5014.10,1,AHP-PL-EL-PDF-PSW-04 PV System Wiring Diagram T04 Rev_00.pdf
T04,11,T04-INV11,4,T04-INV11-S04,28,20,560,406.00,3x150,247,6916,5014.10,1,AHP-PL-EL-PDF-PSW-04 PV System Wiring Diagram T04 Rev_00.pdf
T04,11,T04-INV11,5,T04-INV11-S05,28,20,560,406.00,3x150,247,6916,5014.10,1,AHP-PL-EL-PDF-PSW-04 PV System Wiring Diagram T04 Rev_00.pdf
T04,11,T04-INV11,6,T04-INV11-S06,28,20,560,406.00,3x150,247,6916,5014.10,1,AHP-PL-EL-PDF-PSW-04 PV System Wiring Diagram T04 Rev_00.pdf
T04,11,T04-INV11,7,T04-INV11-S07,28,20,560,406.00,3x150,247,6916,5014.10,1,AHP-PL-EL-PDF-PSW-04 PV System Wiring Diagram T04 Rev_00.pdf
T04,11,T04-INV11,8,T04-INV11-S08,28,20,560,406.00,3x150,247,6916,5014.10,1,AHP-PL-EL-PDF-PSW-04 PV System Wiring Diagram T04 Rev_00.pdf
T04,11,T04-INV11,9,T04-INV11-S09,28,20,560,406.00,3x150,247,6916,5014.10,1,AHP-PL-EL-PDF-PSW-04 PV System Wiring Diagram T04 Rev_00.pdf
T04,11,T04-INV11,10,T04-INV11-S10,28,20,560,406.00,3x150,247,6916,5014.10,1,AHP-PL-EL-PDF-PSW-04 PV System Wiring Diagram T04 Rev_00.pdf
T04,11,T04-INV11,11,T04-INV11-S11,28,20,560,406.00,3x150,247,6916,5014.10,1,AHP-PL-EL-PDF-PSW-04 PV System Wiring Diagram T04 Rev_00.pdf
T04,11,T04-INV11,12,T04-INV11-S12,28,20,560,406.00,3x150,247,6916,5014.10,1,AHP-PL-EL-PDF-PSW-04 PV System Wiring Diagram T04 Rev_00.pdf
T04,11,T04-INV11,13,T04-INV11-S13,28,20,560,406.00,3x150,247,6916,5014.10,1,AHP-PL-EL-PDF-PSW-04 PV System Wiring Diagram T04 Rev_00.pdf
T04,11,T04-INV11,14,T04-INV11-S14,28,20,560,406.00,3x150,247,6916,5014.10,1,AHP-PL-EL-PDF-PSW-04 PV System Wiring Diagram T04 Rev_00.pdf
T04,11,T04-INV11,15,T04-INV11-S15,28,20,560,406.00,3x150,247,6916,5014.10,1,AHP-PL-EL-PDF-PSW-04 PV System Wiring Diagram T04 Rev_00.pdf
T04,11,T04-INV11,16,T04-INV11-S16,28,20,560,406.00,3x150,247,6916,5014.10,1,AHP-PL-EL-PDF-PSW-04 PV System Wiring Diagram T04 Rev_00.pdf
T04,11,T04-INV11,17,T04-INV11-S17,28,20,560,406.00,3x150,247,6916,5014.10,1,AHP-PL-EL-PDF-PSW-04 PV System Wiring Diagram T04 Rev_00.pdf
T04,11,T04-INV11,18,T04-INV11-S18,28,20,560,406.00,3x150,247,6916,5014.10,1,AHP-PL-EL-PDF-PSW-04 PV System Wiring Diagram T04 Rev_00.pdf
T04,11,T04-INV11,19,T04-INV11-S19,28,20,560,406.00,3x150,247,6916,5014.10,1,AHP-PL-EL-PDF-PSW-04 PV System Wiring Diagram T04 Rev_00.pdf
T04,11,T04-INV11,20,T04-INV11-S20,28,20,560,406.00,3x150,247,6916,5014.10,1,AHP-PL-EL-PDF-PSW-04 PV System Wiring Diagram T04 Rev_00.pdf
T04,12,T04-INV12,1,T04-INV12-S01,28,20,560,406.00,3x150,247,6916,5014.10,1,AHP-PL-EL-PDF-PSW-04 PV System Wiring Diagram T04 Rev_00.pdf
T04,12,T04-INV12,2,T04-INV12-S02,28,20,560,406.00,3x150,247,6916,5014.10,1,AHP-PL-EL-PDF-PSW-04 PV System Wiring Diagram T04 Rev_00.pdf
T04,12,T04-INV12,3,T04-INV12-S03,28,20,560,406.00,3x150,247,6916,5014.10,1,AHP-PL-EL-PDF-PSW-04 PV System Wiring Diagram T04 Rev_00.pdf
T04,12,T04-INV12,4,T04-INV12-S04,28,20,560,406.00,3x150,247,6916,5014.10,1,AHP-PL-EL-PDF-PSW-04 PV System Wiring Diagram T04 Rev_00.pdf
T04,12,T04-INV12,5,T04-INV12-S05,28,20,560,406.00,3x150,247,6916,5014.10,1,AHP-PL-EL-PDF-PSW-04 PV System Wiring Diagram T04 Rev_00.pdf
T04,12,T04-INV12,6,T04-INV12-S06,28,20,560,406.00,3x150,247,6916,5014.10,1,AHP-PL-EL-PDF-PSW-04 PV System Wiring Diagram T04 Rev_00.pdf
T04,12,T04-INV12,7,T04-INV12-S07,28,20,560,406.00,3x150,247,6916,5014.10,1,AHP-PL-EL-PDF-PSW-04 PV System Wiring Diagram T04 Rev_00.pdf
T04,12,T04-INV12,8,T04-INV12-S08,28,20,560,406.00,3x150,247,6916,5014.10,1,AHP-PL-EL-PDF-PSW-04 PV System Wiring Diagram T04 Rev_00.pdf
T04,12,T04-INV12,9,T04-INV12-S09,28,20,560,406.00,3x150,247,6916,5014.10,1,AHP-PL-EL-PDF-PSW-04 PV System Wiring Diagram T04 Rev_00.pdf
T04,12,T04-INV12,10,T04-INV12-S10,28,20,560,406.00,3x150,247,6916,5014.10,1,AHP-PL-EL-PDF-PSW-04 PV System Wiring Diagram T04 Rev_00.pdf
T04,12,T04-INV12,11,T04-INV12-S11,28,20,560,406.00,3x150,247,6916,5014.10,1,AHP-PL-EL-PDF-PSW-04 PV System Wiring Diagram T04 Rev_00.pdf
T04,12,T04-INV12,12,T04-INV12-S12,28,20,560,406.00,3x150,247,6916,5014.10,1,AHP-PL-EL-PDF-PSW-04 PV System Wiring Diagram T04 Rev_00.pdf
T04,12,T04-INV12,13,T04-INV12-S13,28,20,560,406.00,3x150,247,6916,5014.10,1,AHP-PL-EL-PDF-PSW-04 PV System Wiring Diagram T04 Rev_00.pdf
T04,12,T04-INV12,14,T04-INV12-S14,28,20,560,406.00,3x150,247,6916,5014.10,1,AHP-PL-EL-PDF-PSW-04 PV System Wiring Diagram T04 Rev_00.pdf
T04,12,T04-INV12,15,T04-INV12-S15,28,20,560,406.00,3x150,247,6916,5014.10,1,AHP-PL-EL-PDF-PSW-04 PV System Wiring Diagram T04 Rev_00.pdf
T04,12,T04-INV12,16,T04-INV12-S16,28,20,560,406.00,3x150,247,6916,5014.10,1,AHP-PL-EL-PDF-PSW-04 PV System Wiring Diagram T04 Rev_00.pdf
T04,12,T04-INV12,17,T04-INV12-S17,28,20,560,406.00,3x150,247,6916,5014.10,1,AHP-PL-EL-PDF-PSW-04 PV System Wiring Diagram T04 Rev_00.pdf
T04,12,T04-INV12,18,T04-INV12-S18,28,20,560,406.00,3x150,247,6916,5014.10,1,AHP-PL-EL-PDF-PSW-04 PV System Wiring Diagram T04 Rev_00.pdf
T04,12,T04-INV12,19,T04-INV12-S19,28,20,560,406.00,3x150,247,6916,5014.10,1,AHP-PL-EL-PDF-PSW-04 PV System Wiring Diagram T04 Rev_00.pdf
T04,12,T04-INV12,20,T04-INV12-S20,28,20,560,406.00,3x150,247,6916,5014.10,1,AHP-PL-EL-PDF-PSW-04 PV System Wiring Diagram T04 Rev_00.pdf
T05,1,T05-INV01,1,T05-INV01-S01,28,20,560,406.00,3x150,247,6916,5014.10,1,AHP-PL-EL-PDF-PSW-05 PV System Wiring Diagram T05 Rev_00.pdf
T05,1,T05-INV01,2,T05-INV01-S02,28,20,560,406.00,3x150,247,6916,5014.10,1,AHP-PL-EL-PDF-PSW-05 PV System Wiring Diagram T05 Rev_00.pdf
T05,1,T05-INV01,3,T05-INV01-S03,28,20,560,406.00,3x150,247,6916,5014.10,1,AHP-PL-EL-PDF-PSW-05 PV System Wiring Diagram T05 Rev_00.pdf
T05,1,T05-INV01,4,T05-INV01-S04,28,20,560,406.00,3x150,247,6916,5014.10,1,AHP-PL-EL-PDF-PSW-05 PV System Wiring Diagram T05 Rev_00.pdf
T05,1,T05-INV01,5,T05-INV01-S05,28,20,560,406.00,3x150,247,6916,5014.10,1,AHP-PL-EL-PDF-PSW-05 PV System Wiring Diagram T05 Rev_00.pdf
T05,1,T05-INV01,6,T05-INV01-S06,28,20,560,406.00,3x150,247,6916,5014.10,1,AHP-PL-EL-PDF-PSW-05 PV System Wiring Diagram T05 Rev_00.pdf
T05,1,T05-INV01,7,T05-INV01-S07,28,20,560,406.00,3x150,247,6916,5014.10,1,AHP-PL-EL-PDF-PSW-05 PV System Wiring Diagram T05 Rev_00.pdf
T05,1,T05-INV01,8,T05-INV01-S08,28,20,560,406.00,3x150,247,6916,5014.10,1,AHP-PL-EL-PDF-PSW-05 PV System Wiring Diagram T05 Rev_00.pdf
T05,1,T05-INV01,9,T05-INV01-S09,28,20,560,406.00,3x150,247,6916,5014.10,1,AHP-PL-EL-PDF-PSW-05 PV System Wiring Diagram T05 Rev_00.pdf
T05,1,T05-INV01,10,T05-INV01-S10,28,20,560,406.00,3x150,247,6916,5014.10,1,AHP-PL-EL-PDF-PSW-05 PV System Wiring Diagram T05 Rev_00.pdf
T05,1,T05-INV01,11,T05-INV01-S11,28,20,560,406.00,3x150,247,6916,5014.10,1,AHP-PL-EL-PDF-PSW-05 PV System Wiring Diagram T05 Rev_00.pdf
T05,1,T05-INV01,12,T05-INV01-S12,28,20,560,406.00,3x150,247,6916,5014.10,1,AHP-PL-EL-PDF-PSW-05 PV System Wiring Diagram T05 Rev_00.pdf
T05,1,T05-INV01,13,T05-INV01-S13,28,20,560,406.00,3x150,247,6916,5014.10,1,AHP-PL-EL-PDF-PSW-05 PV System Wiring Diagram T05 Rev_00.pdf
T05,1,T05-INV01,14,T05-INV01-S14,28,20,560,406.00,3x150,247,6916,5014.10,1,AHP-PL-EL-PDF-PSW-05 PV System Wiring Diagram T05 Rev_00.pdf
T05,1,T05-INV01,15,T05-INV01-S15,28,20,560,406.00,3x150,247,6916,5014.10,1,AHP-PL-EL-PDF-PSW-05 PV System Wiring Diagram T05 Rev_00.pdf
T05,1,T05-INV01,16,T05-INV01-S16,28,20,560,406.00,3x150,247,6916,5014.10,1,AHP-PL-EL-PDF-PSW-05 PV System Wiring Diagram T05 Rev_00.pdf
T05,1,T05-INV01,17,T05-INV01-S17,28,20,560,406.00,3x150,247,6916,5014.10,1,AHP-PL-EL-PDF-PSW-05 PV System Wiring Diagram T05 Rev_00.pdf
T05,1,T05-INV01,18,T05-INV01-S18,28,20,560,406.00,3x150,247,6916,5014.10,1,AHP-PL-EL-PDF-PSW-05 PV System Wiring Diagram T05 Rev_00.pdf
T05,1,T05-INV01,19,T05-INV01-S19,28,20,560,406.00,3x150,247,6916,5014.10,1,AHP-PL-EL-PDF-PSW-05 PV System Wiring Diagram T05 Rev_00.pdf
T05,1,T05-INV01,20,T05-INV01-S20,28,20,560,406.00,3x150,247,6916,5014.10,1,AHP-PL-EL-PDF-PSW-05 PV System Wiring Diagram T05 Rev_00.pdf
T05,2,T05-INV02,1,T05-INV02-S01,28,20,560,406.00,3x150,247,6916,5014.10,1,AHP-PL-EL-PDF-PSW-05 PV System Wiring Diagram T05 Rev_00.pdf
T05,2,T05-INV02,2,T05-INV02-S02,28,20,560,406.00,3x150,247,6916,5014.10,1,AHP-PL-EL-PDF-PSW-05 PV System Wiring Diagram T05 Rev_00.pdf
T05,2,T05-INV02,3,T05-INV02-S03,28,20,560,406.00,3x150,247,6916,5014.10,1,AHP-PL-EL-PDF-PSW-05 PV System Wiring Diagram T05 Rev_00.pdf
T05,2,T05-INV02,4,T05-INV02-S04,28,20,560,406.00,3x150,247,6916,5014.10,1,AHP-PL-EL-PDF-PSW-05 PV System Wiring Diagram T05 Rev_00.pdf
T05,2,T05-INV02,5,T05-INV02-S05,28,20,560,406.00,3x150,247,6916,5014.10,1,AHP-PL-EL-PDF-PSW-05 PV System Wiring Diagram T05 Rev_00.pdf
T05,2,T05-INV02,6,T05-INV02-S06,28,20,560,406.00,3x150,247,6916,5014.10,1,AHP-PL-EL-PDF-PSW-05 PV System Wiring Diagram T05 Rev_00.pdf
T05,2,T05-INV02,7,T05-INV02-S07,28,20,560,406.00,3x150,247,6916,5014.10,1,AHP-PL-EL-PDF-PSW-05 PV System Wiring Diagram T05 Rev_00.pdf
T05,2,T05-INV02,8,T05-INV02-S08,28,20,560,406.00,3x150,247,6916,5014.10,1,AHP-PL-EL-PDF-PSW-05 PV System Wiring Diagram T05 Rev_00.pdf
T05,2,T05-INV02,9,T05-INV02-S09,28,20,560,406.00,3x150,247,6916,5014.10,1,AHP-PL-EL-PDF-PSW-05 PV System Wiring Diagram T05 Rev_00.pdf
T05,2,T05-INV02,10,T05-INV02-S10,28,20,560,406.00,3x150,247,6916,5014.10,1,AHP-PL-EL-PDF-PSW-05 PV System Wiring Diagram T05 Rev_00.pdf
T05,2,T05-INV02,11,T05-INV02-S11,28,20,560,406.00,3x150,247,6916,5014.10,1,AHP-PL-EL-PDF-PSW-05 PV System Wiring Diagram T05 Rev_00.pdf
T05,2,T05-INV02,12,T05-INV02-S12,28,20,560,406.00,3x150,247,6916,5014.10,1,AHP-PL-EL-PDF-PSW-05 PV System Wiring Diagram T05 Rev_00.pdf
T05,2,T05-INV02,13,T05-INV02-S13,28,20,560,406.00,3x150,247,6916,5014.10,1,AHP-PL-EL-PDF-PSW-05 PV System Wiring Diagram T05 Rev_00.pdf
T05,2,T05-INV02,14,T05-INV02-S14,28,20,560,406.00,3x150,247,6916,5014.10,1,AHP-PL-EL-PDF-PSW-05 PV System Wiring Diagram T05 Rev_00.pdf
T05,2,T05-INV02,15,T05-INV02-S15,28,20,560,406.00,3x150,247,6916,5014.10,1,AHP-PL-EL-PDF-PSW-05 PV System Wiring Diagram T05 Rev_00.pdf
T05,2,T05-INV02,16,T05-INV02-S16,28,20,560,406.00,3x150,247,6916,5014.10,1,AHP-PL-EL-PDF-PSW-05 PV System Wiring Diagram T05 Rev_00.pdf
T05,2,T05-INV02,17,T05-INV02-S17,28,20,560,406.00,3x150,247,6916,5014.10,1,AHP-PL-EL-PDF-PSW-05 PV System Wiring Diagram T05 Rev_00.pdf
T05,2,T05-INV02,18,T05-INV02-S18,28,20,560,406.00,3x150,247,6916,5014.10,1,AHP-PL-EL-PDF-PSW-05 PV System Wiring Diagram T05 Rev_00.pdf
T05,2,T05-INV02,19,T05-INV02-S19,28,20,560,406.00,3x150,247,6916,5014.10,1,AHP-PL-EL-PDF-PSW-05 PV System Wiring Diagram T05 Rev_00.pdf
T05,2,T05-INV02,20,T05-INV02-S20,28,20,560,406.00,3x150,247,6916,5014.10,1,AHP-PL-EL-PDF-PSW-05 PV System Wiring Diagram T05 Rev_00.pdf
T05,3,T05-INV03,1,T05-INV03-S01,28,20,560,406.00,3x150,247,6916,5014.10,1,AHP-PL-EL-PDF-PSW-05 PV System Wiring Diagram T05 Rev_00.pdf
T05,3,T05-INV03,2,T05-INV03-S02,28,20,560,406.00,3x150,247,6916,5014.10,1,AHP-PL-EL-PDF-PSW-05 PV System Wiring Diagram T05 Rev_00.pdf
T05,3,T05-INV03,3,T05-INV03-S03,28,20,560,406.00,3x150,247,6916,5014.10,1,AHP-PL-EL-PDF-PSW-05 PV System Wiring Diagram T05 Rev_00.pdf
T05,3,T05-INV03,4,T05-INV03-S04,28,20,560,406.00,3x150,247,6916,5014.10,1,AHP-PL-EL-PDF-PSW-05 PV System Wiring Diagram T05 Rev_00.pdf
T05,3,T05-INV03,5,T05-INV03-S05,28,20,560,406.00,3x150,247,6916,5014.10,1,AHP-PL-EL-PDF-PSW-05 PV System Wiring Diagram T05 Rev_00.pdf
T05,3,T05-INV03,6,T05-INV03-S06,28,20,560,406.00,3x150,247,6916,5014.10,1,AHP-PL-EL-PDF-PSW-05 PV System Wiring Diagram T05 Rev_00.pdf
T05,3,T05-INV03,7,T05-INV03-S07,28,20,560,406.00,3x150,247,6916,5014.10,1,AHP-PL-EL-PDF-PSW-05 PV System Wiring Diagram T05 Rev_00.pdf
T05,3,T05-INV03,8,T05-INV03-S08,28,20,560,406.00,3x150,247,6916,5014.10,1,AHP-PL-EL-PDF-PSW-05 PV System Wiring Diagram T05 Rev_00.pdf
T05,3,T05-INV03,9,T05-INV03-S09,28,20,560,406.00,3x150,247,6916,5014.10,1,AHP-PL-EL-PDF-PSW-05 PV System Wiring Diagram T05 Rev_00.pdf
T05,3,T05-INV03,10,T05-INV03-S10,28,20,560,406.00,3x150,247,6916,5014.10,1,AHP-PL-EL-PDF-PSW-05 PV System Wiring Diagram T05 Rev_00.pdf
T05,3,T05-INV03,11,T05-INV03-S11,28,20,560,406.00,3x150,247,6916,5014.10,1,AHP-PL-EL-PDF-PSW-05 PV System Wiring Diagram T05 Rev_00.pdf
T05,3,T05-INV03,12,T05-INV03-S12,28,20,560,406.00,3x150,247,6916,5014.10,1,AHP-PL-EL-PDF-PSW-05 PV System Wiring Diagram T05 Rev_00.pdf
T05,3,T05-INV03,13,T05-INV03-S13,28,20,560,406.00,3x150,247,6916,5014.10,1,AHP-PL-EL-PDF-PSW-05 PV System Wiring Diagram T05 Rev_00.pdf
T05,3,T05-INV03,14,T05-INV03-S14,28,20,560,406.00,3x150,247,6916,5014.10,1,AHP-PL-EL-PDF-PSW-05 PV System Wiring Diagram T05 Rev_00.pdf
T05,3,T05-INV03,15,T05-INV03-S15,28,20,560,406.00,3x150,247,6916,5014.10,1,AHP-PL-EL-PDF-PSW-05 PV System Wiring Diagram T05 Rev_00.pdf
T05,3,T05-INV03,16,T05-INV03-S16,28,20,560,406.00,3x150,247,6916,5014.10,1,AHP-PL-EL-PDF-PSW-05 PV System Wiring Diagram T05 Rev_00.pdf
T05,3,T05-INV03,17,T05-INV03-S17,28,20,560,406.00,3x150,247,6916,5014.10,1,AHP-PL-EL-PDF-PSW-05 PV System Wiring Diagram T05 Rev_00.pdf
T05,3,T05-INV03,18,T05-INV03-S18,28,20,560,406.00,3x150,247,6916,5014.10,1,AHP-PL-EL-PDF-PSW-05 PV System Wiring Diagram T05 Rev_00.pdf
T05,3,T05-INV03,19,T05-INV03-S19,28,20,560,406.00,3x150,247,6916,5014.10,1,AHP-PL-EL-PDF-PSW-05 PV System Wiring Diagram T05 Rev_00.pdf
T05,3,T05-INV03,20,T05-INV03-S20,28,20,560,406.00,3x150,247,6916,5014.10,1,AHP-PL-EL-PDF-PSW-05 PV System Wiring Diagram T05 Rev_00.pdf
T05,4,T05-INV04,1,T05-INV04-S01,28,20,560,406.00,3x150,247,6916,5014.10,1,AHP-PL-EL-PDF-PSW-05 PV System Wiring Diagram T05 Rev_00.pdf
T05,4,T05-INV04,2,T05-INV04-S02,28,20,560,406.00,3x150,247,6916,5014.10,1,AHP-PL-EL-PDF-PSW-05 PV System Wiring Diagram T05 Rev_00.pdf
T05,4,T05-INV04,3,T05-INV04-S03,28,20,560,406.00,3x150,247,6916,5014.10,1,AHP-PL-EL-PDF-PSW-05 PV System Wiring Diagram T05 Rev_00.pdf
T05,4,T05-INV04,4,T05-INV04-S04,28,20,560,406.00,3x150,247,6916,5014.10,1,AHP-PL-EL-PDF-PSW-05 PV System Wiring Diagram T05 Rev_00.pdf
T05,4,T05-INV04,5,T05-INV04-S05,28,20,560,406.00,3x150,247,6916,5014.10,1,AHP-PL-EL-PDF-PSW-05 PV System Wiring Diagram T05 Rev_00.pdf
T05,4,T05-INV04,6,T05-INV04-S06,28,20,560,406.00,3x150,247,6916,5014.10,1,AHP-PL-EL-PDF-PSW-05 PV System Wiring Diagram T05 Rev_00.pdf
T05,4,T05-INV04,7,T05-INV04-S07,28,20,560,406.00,3x150,247,6916,5014.10,1,AHP-PL-EL-PDF-PSW-05 PV System Wiring Diagram T05 Rev_00.pdf
T05,4,T05-INV04,8,T05-INV04-S08,28,20,560,406.00,3x150,247,6916,5014.10,1,AHP-PL-EL-PDF-PSW-05 PV System Wiring Diagram T05 Rev_00.pdf
T05,4,T05-INV04,9,T05-INV04-S09,28,20,560,406.00,3x150,247,6916,5014.10,1,AHP-PL-EL-PDF-PSW-05 PV System Wiring Diagram T05 Rev_00.pdf
T05,4,T05-INV04,10,T05-INV04-S10,28,20,560,406.00,3x150,247,6916,5014.10,1,AHP-PL-EL-PDF-PSW-05 PV System Wiring Diagram T05 Rev_00.pdf
T05,4,T05-INV04,11,T05-INV04-S11,28,20,560,406.00,3x150,247,6916,5014.10,1,AHP-PL-EL-PDF-PSW-05 PV System Wiring Diagram T05 Rev_00.pdf
T05,4,T05-INV04,12,T05-INV04-S12,28,20,560,406.00,3x150,247,6916,5014.10,1,AHP-PL-EL-PDF-PSW-05 PV System Wiring Diagram T05 Rev_00.pdf
T05,4,T05-INV04,13,T05-INV04-S13,28,20,560,406.00,3x150,247,6916,5014.10,1,AHP-PL-EL-PDF-PSW-05 PV System Wiring Diagram T05 Rev_00.pdf
T05,4,T05-INV04,14,T05-INV04-S14,28,20,560,406.00,3x150,247,6916,5014.10,1,AHP-PL-EL-PDF-PSW-05 PV System Wiring Diagram T05 Rev_00.pdf
T05,4,T05-INV04,15,T05-INV04-S15,28,20,560,406.00,3x150,247,6916,5014.10,1,AHP-PL-EL-PDF-PSW-05 PV System Wiring Diagram T05 Rev_00.pdf
T05,4,T05-INV04,16,T05-INV04-S16,28,20,560,406.00,3x150,247,6916,5014.10,1,AHP-PL-EL-PDF-PSW-05 PV System Wiring Diagram T05 Rev_00.pdf
T05,4,T05-INV04,17,T05-INV04-S17,28,20,560,406.00,3x150,247,6916,5014.10,1,AHP-PL-EL-PDF-PSW-05 PV System Wiring Diagram T05 Rev_00.pdf
T05,4,T05-INV04,18,T05-INV04-S18,28,20,560,406.00,3x150,247,6916,5014.10,1,AHP-PL-EL-PDF-PSW-05 PV System Wiring Diagram T05 Rev_00.pdf
T05,4,T05-INV04,19,T05-INV04-S19,28,20,560,406.00,3x150,247,6916,5014.10,1,AHP-PL-EL-PDF-PSW-05 PV System Wiring Diagram T05 Rev_00.pdf
T05,4,T05-INV04,20,T05-INV04-S20,28,20,560,406.00,3x150,247,6916,5014.10,1,AHP-PL-EL-PDF-PSW-05 PV System Wiring Diagram T05 Rev_00.pdf
T05,5,T05-INV05,1,T05-INV05-S01,28,20,560,406.00,3x150,247,6916,5014.10,1,AHP-PL-EL-PDF-PSW-05 PV System Wiring Diagram T05 Rev_00.pdf
T05,5,T05-INV05,2,T05-INV05-S02,28,20,560,406.00,3x150,247,6916,5014.10,1,AHP-PL-EL-PDF-PSW-05 PV System Wiring Diagram T05 Rev_00.pdf
T05,5,T05-INV05,3,T05-INV05-S03,28,20,560,406.00,3x150,247,6916,5014.10,1,AHP-PL-EL-PDF-PSW-05 PV System Wiring Diagram T05 Rev_00.pdf
T05,5,T05-INV05,4,T05-INV05-S04,28,20,560,406.00,3x150,247,6916,5014.10,1,AHP-PL-EL-PDF-PSW-05 PV System Wiring Diagram T05 Rev_00.pdf
T05,5,T05-INV05,5,T05-INV05-S05,28,20,560,406.00,3x150,247,6916,5014.10,1,AHP-PL-EL-PDF-PSW-05 PV System Wiring Diagram T05 Rev_00.pdf
T05,5,T05-INV05,6,T05-INV05-S06,28,20,560,406.00,3x150,247,6916,5014.10,1,AHP-PL-EL-PDF-PSW-05 PV System Wiring Diagram T05 Rev_00.pdf
T05,5,T05-INV05,7,T05-INV05-S07,28,20,560,406.00,3x150,247,6916,5014.10,1,AHP-PL-EL-PDF-PSW-05 PV System Wiring Diagram T05 Rev_00.pdf
T05,5,T05-INV05,8,T05-INV05-S08,28,20,560,406.00,3x150,247,6916,5014.10,1,AHP-PL-EL-PDF-PSW-05 PV System Wiring Diagram T05 Rev_00.pdf
T05,5,T05-INV05,9,T05-INV05-S09,28,20,560,406.00,3x150,247,6916,5014.10,1,AHP-PL-EL-PDF-PSW-05 PV System Wiring Diagram T05 Rev_00.pdf
T05,5,T05-INV05,10,T05-INV05-S10,28,20,560,406.00,3x150,247,6916,5014.10,1,AHP-PL-EL-PDF-PSW-05 PV System Wiring Diagram T05 Rev_00.pdf
T05,5,T05-INV05,11,T05-INV05-S11,28,20,560,406.00,3x150,247,6916,5014.10,1,AHP-PL-EL-PDF-PSW-05 PV System Wiring Diagram T05 Rev_00.pdf
T05,5,T05-INV05,12,T05-INV05-S12,28,20,560,406.00,3x150,247,6916,5014.10,1,AHP-PL-EL-PDF-PSW-05 PV System Wiring Diagram T05 Rev_00.pdf
T05,5,T05-INV05,13,T05-INV05-S13,28,20,560,406.00,3x150,247,6916,5014.10,1,AHP-PL-EL-PDF-PSW-05 PV System Wiring Diagram T05 Rev_00.pdf
T05,5,T05-INV05,14,T05-INV05-S14,28,20,560,406.00,3x150,247,6916,5014.10,1,AHP-PL-EL-PDF-PSW-05 PV System Wiring Diagram T05 Rev_00.pdf
T05,5,T05-INV05,15,T05-INV05-S15,28,20,560,406.00,3x150,247,6916,5014.10,1,AHP-PL-EL-PDF-PSW-05 PV System Wiring Diagram T05 Rev_00.pdf
T05,5,T05-INV05,16,T05-INV05-S16,28,20,560,406.00,3x150,247,6916,5014.10,1,AHP-PL-EL-PDF-PSW-05 PV System Wiring Diagram T05 Rev_00.pdf
T05,5,T05-INV05,17,T05-INV05-S17,28,20,560,406.00,3x150,247,6916,5014.10,1,AHP-PL-EL-PDF-PSW-05 PV System Wiring Diagram T05 Rev_00.pdf
T05,5,T05-INV05,18,T05-INV05-S18,28,20,560,406.00,3x150,247,6916,5014.10,1,AHP-PL-EL-PDF-PSW-05 PV System Wiring Diagram T05 Rev_00.pdf
T05,5,T05-INV05,19,T05-INV05-S19,28,20,560,406.00,3x150,247,6916,5014.10,1,AHP-PL-EL-PDF-PSW-05 PV System Wiring Diagram T05 Rev_00.pdf
T05,5,T05-INV05,20,T05-INV05-S20,28,20,560,406.00,3x150,247,6916,5014.10,1,AHP-PL-EL-PDF-PSW-05 PV System Wiring Diagram T05 Rev_00.pdf
T05,6,T05-INV06,1,T05-INV06-S01,28,21,588,426.30,3x150,247,6916,5014.10,1,AHP-PL-EL-PDF-PSW-05 PV System Wiring Diagram T05 Rev_00.pdf
T05,6,T05-INV06,2,T05-INV06-S02,28,21,588,426.30,3x150,247,6916,5014.10,1,AHP-PL-EL-PDF-PSW-05 PV System Wiring Diagram T05 Rev_00.pdf
T05,6,T05-INV06,3,T05-INV06-S03,28,21,588,426.30,3x150,247,6916,5014.10,1,AHP-PL-EL-PDF-PSW-05 PV System Wiring Diagram T05 Rev_00.pdf
T05,6,T05-INV06,4,T05-INV06-S04,28,21,588,426.30,3x150,247,6916,5014.10,1,AHP-PL-EL-PDF-PSW-05 PV System Wiring Diagram T05 Rev_00.pdf
T05,6,T05-INV06,5,T05-INV06-S05,28,21,588,426.30,3x150,247,6916,5014.10,1,AHP-PL-EL-PDF-PSW-05 PV System Wiring Diagram T05 Rev_00.pdf
T05,6,T05-INV06,6,T05-INV06-S06,28,21,588,426.30,3x150,247,6916,5014.10,1,AHP-PL-EL-PDF-PSW-05 PV System Wiring Diagram T05 Rev_00.pdf
T05,6,T05-INV06,7,T05-INV06-S07,28,21,588,426.30,3x150,247,6916,5014.10,1,AHP-PL-EL-PDF-PSW-05 PV System Wiring Diagram T05 Rev_00.pdf
T05,6,T05-INV06,8,T05-INV06-S08,28,21,588,426.30,3x150,247,6916,5014.10,1,AHP-PL-EL-PDF-PSW-05 PV System Wiring Diagram T05 Rev_00.pdf
T05,6,T05-INV06,9,T05-INV06-S09,28,21,588,426.30,3x150,247,6916,5014.10,1,AHP-PL-EL-PDF-PSW-05 PV System Wiring Diagram T05 Rev_00.pdf
T05,6,T05-INV06,10,T05-INV06-S10,28,21,588,426.30,3x150,247,6916,5014.10,1,AHP-PL-EL-PDF-PSW-05 PV System Wiring Diagram T05 Rev_00.pdf
T05,6,T05-INV06,11,T05-INV06-S11,28,21,588,426.30,3x150,247,6916,5014.10,1,AHP-PL-EL-PDF-PSW-05 PV System Wiring Diagram T05 Rev_00.pdf
T05,6,T05-INV06,12,T05-INV06-S12,28,21,588,426.30,3x150,247,6916,5014.10,1,AHP-PL-EL-PDF-PSW-05 PV System Wiring Diagram T05 Rev_00.pdf
T05,6,T05-INV06,13,T05-INV06-S13,28,21,588,426.30,3x150,247,6916,5014.10,1,AHP-PL-EL-PDF-PSW-05 PV System Wiring Diagram T05 Rev_00.pdf
T05,6,T05-INV06,14,T05-INV06-S14,28,21,588,426.30,3x150,247,6916,5014.10,1,AHP-PL-EL-PDF-PSW-05 PV System Wiring Diagram T05 Rev_00.pdf
T05,6,T05-INV06,15,T05-INV06-S15,28,21,588,426.30,3x150,247,6916,5014.10,1,AHP-PL-EL-PDF-PSW-05 PV System Wiring Diagram T05 Rev_00.pdf
T05,6,T05-INV06,16,T05-INV06-S16,28,21,588,426.30,3x150,247,6916,5014.10,1,AHP-PL-EL-PDF-PSW-05 PV System Wiring Diagram T05 Rev_00.pdf
T05,6,T05-INV06,17,T05-INV06-S17,28,21,588,426.30,3x150,247,6916,5014.10,1,AHP-PL-EL-PDF-PSW-05 PV System Wiring Diagram T05 Rev_00.pdf
T05,6,T05-INV06,18,T05-INV06-S18,28,21,588,426.30,3x150,247,6916,5014.10,1,AHP-PL-EL-PDF-PSW-05 PV System Wiring Diagram T05 Rev_00.pdf
T05,6,T05-INV06,19,T05-INV06-S19,28,21,588,426.30,3x150,247,6916,5014.10,1,AHP-PL-EL-PDF-PSW-05 PV System Wiring Diagram T05 Rev_00.pdf
T05,6,T05-INV06,20,T05-INV06-S20,28,21,588,426.30,3x150,247,6916,5014.10,1,AHP-PL-EL-PDF-PSW-05 PV System Wiring Diagram T05 Rev_00.pdf
T05,6,T05-INV06,21,T05-INV06-S21,28,21,588,426.30,3x150,247,6916,5014.10,1,AHP-PL-EL-PDF-PSW-05 PV System Wiring Diagram T05 Rev_00.pdf
T05,7,T05-INV07,1,T05-INV07-S01,28,21,588,426.30,3x150,247,6916,5014.10,1,AHP-PL-EL-PDF-PSW-05 PV System Wiring Diagram T05 Rev_00.pdf
T05,7,T05-INV07,2,T05-INV07-S02,28,21,588,426.30,3x150,247,6916,5014.10,1,AHP-PL-EL-PDF-PSW-05 PV System Wiring Diagram T05 Rev_00.pdf
T05,7,T05-INV07,3,T05-INV07-S03,28,21,588,426.30,3x150,247,6916,5014.10,1,AHP-PL-EL-PDF-PSW-05 PV System Wiring Diagram T05 Rev_00.pdf
T05,7,T05-INV07,4,T05-INV07-S04,28,21,588,426.30,3x150,247,6916,5014.10,1,AHP-PL-EL-PDF-PSW-05 PV System Wiring Diagram T05 Rev_00.pdf
T05,7,T05-INV07,5,T05-INV07-S05,28,21,588,426.30,3x150,247,6916,5014.10,1,AHP-PL-EL-PDF-PSW-05 PV System Wiring Diagram T05 Rev_00.pdf
T05,7,T05-INV07,6,T05-INV07-S06,28,21,588,426.30,3x150,247,6916,5014.10,1,AHP-PL-EL-PDF-PSW-05 PV System Wiring Diagram T05 Rev_00.pdf
T05,7,T05-INV07,7,T05-INV07-S07,28,21,588,426.30,3x150,247,6916,5014.10,1,AHP-PL-EL-PDF-PSW-05 PV System Wiring Diagram T05 Rev_00.pdf
T05,7,T05-INV07,8,T05-INV07-S08,28,21,588,426.30,3x150,247,6916,5014.10,1,AHP-PL-EL-PDF-PSW-05 PV System Wiring Diagram T05 Rev_00.pdf
T05,7,T05-INV07,9,T05-INV07-S09,28,21,588,426.30,3x150,247,6916,5014.10,1,AHP-PL-EL-PDF-PSW-05 PV System Wiring Diagram T05 Rev_00.pdf
T05,7,T05-INV07,10,T05-INV07-S10,28,21,588,426.30,3x150,247,6916,5014.10,1,AHP-PL-EL-PDF-PSW-05 PV System Wiring Diagram T05 Rev_00.pdf
T05,7,T05-INV07,11,T05-INV07-S11,28,21,588,426.30,3x150,247,6916,5014.10,1,AHP-PL-EL-PDF-PSW-05 PV System Wiring Diagram T05 Rev_00.pdf
T05,7,T05-INV07,12,T05-INV07-S12,28,21,588,426.30,3x150,247,6916,5014.10,1,AHP-PL-EL-PDF-PSW-05 PV System Wiring Diagram T05 Rev_00.pdf
T05,7,T05-INV07,13,T05-INV07-S13,28,21,588,426.30,3x150,247,6916,5014.10,1,AHP-PL-EL-PDF-PSW-05 PV System Wiring Diagram T05 Rev_00.pdf
T05,7,T05-INV07,14,T05-INV07-S14,28,21,588,426.30,3x150,247,6916,5014.10,1,AHP-PL-EL-PDF-PSW-05 PV System Wiring Diagram T05 Rev_00.pdf
T05,7,T05-INV07,15,T05-INV07-S15,28,21,588,426.30,3x150,247,6916,5014.10,1,AHP-PL-EL-PDF-PSW-05 PV System Wiring Diagram T05 Rev_00.pdf
T05,7,T05-INV07,16,T05-INV07-S16,28,21,588,426.30,3x150,247,6916,5014.10,1,AHP-PL-EL-PDF-PSW-05 PV System Wiring Diagram T05 Rev_00.pdf
T05,7,T05-INV07,17,T05-INV07-S17,28,21,588,426.30,3x150,247,6916,5014.10,1,AHP-PL-EL-PDF-PSW-05 PV System Wiring Diagram T05 Rev_00.pdf
T05,7,T05-INV07,18,T05-INV07-S18,28,21,588,426.30,3x150,247,6916,5014.10,1,AHP-PL-EL-PDF-PSW-05 PV System Wiring Diagram T05 Rev_00.pdf
T05,7,T05-INV07,19,T05-INV07-S19,28,21,588,426.30,3x150,247,6916,5014.10,1,AHP-PL-EL-PDF-PSW-05 PV System Wiring Diagram T05 Rev_00.pdf
T05,7,T05-INV07,20,T05-INV07-S20,28,21,588,426.30,3x150,247,6916,5014.10,1,AHP-PL-EL-PDF-PSW-05 PV System Wiring Diagram T05 Rev_00.pdf
T05,7,T05-INV07,21,T05-INV07-S21,28,21,588,426.30,3x150,247,6916,5014.10,1,AHP-PL-EL-PDF-PSW-05 PV System Wiring Diagram T05 Rev_00.pdf
T05,8,T05-INV08,1,T05-INV08-S01,28,21,588,426.30,3x150,247,6916,5014.10,1,AHP-PL-EL-PDF-PSW-05 PV System Wiring Diagram T05 Rev_00.pdf
T05,8,T05-INV08,2,T05-INV08-S02,28,21,588,426.30,3x150,247,6916,5014.10,1,AHP-PL-EL-PDF-PSW-05 PV System Wiring Diagram T05 Rev_00.pdf
T05,8,T05-INV08,3,T05-INV08-S03,28,21,588,426.30,3x150,247,6916,5014.10,1,AHP-PL-EL-PDF-PSW-05 PV System Wiring Diagram T05 Rev_00.pdf
T05,8,T05-INV08,4,T05-INV08-S04,28,21,588,426.30,3x150,247,6916,5014.10,1,AHP-PL-EL-PDF-PSW-05 PV System Wiring Diagram T05 Rev_00.pdf
T05,8,T05-INV08,5,T05-INV08-S05,28,21,588,426.30,3x150,247,6916,5014.10,1,AHP-PL-EL-PDF-PSW-05 PV System Wiring Diagram T05 Rev_00.pdf
T05,8,T05-INV08,6,T05-INV08-S06,28,21,588,426.30,3x150,247,6916,5014.10,1,AHP-PL-EL-PDF-PSW-05 PV System Wiring Diagram T05 Rev_00.pdf
T05,8,T05-INV08,7,T05-INV08-S07,28,21,588,426.30,3x150,247,6916,5014.10,1,AHP-PL-EL-PDF-PSW-05 PV System Wiring Diagram T05 Rev_00.pdf
T05,8,T05-INV08,8,T05-INV08-S08,28,21,588,426.30,3x150,247,6916,5014.10,1,AHP-PL-EL-PDF-PSW-05 PV System Wiring Diagram T05 Rev_00.pdf
T05,8,T05-INV08,9,T05-INV08-S09,28,21,588,426.30,3x150,247,6916,5014.10,1,AHP-PL-EL-PDF-PSW-05 PV System Wiring Diagram T05 Rev_00.pdf
T05,8,T05-INV08,10,T05-INV08-S10,28,21,588,426.30,3x150,247,6916,5014.10,1,AHP-PL-EL-PDF-PSW-05 PV System Wiring Diagram T05 Rev_00.pdf
T05,8,T05-INV08,11,T05-INV08-S11,28,21,588,426.30,3x150,247,6916,5014.10,1,AHP-PL-EL-PDF-PSW-05 PV System Wiring Diagram T05 Rev_00.pdf
T05,8,T05-INV08,12,T05-INV08-S12,28,21,588,426.30,3x150,247,6916,5014.10,1,AHP-PL-EL-PDF-PSW-05 PV System Wiring Diagram T05 Rev_00.pdf
T05,8,T05-INV08,13,T05-INV08-S13,28,21,588,426.30,3x150,247,6916,5014.10,1,AHP-PL-EL-PDF-PSW-05 PV System Wiring Diagram T05 Rev_00.pdf
T05,8,T05-INV08,14,T05-INV08-S14,28,21,588,426.30,3x150,247,6916,5014.10,1,AHP-PL-EL-PDF-PSW-05 PV System Wiring Diagram T05 Rev_00.pdf
T05,8,T05-INV08,15,T05-INV08-S15,28,21,588,426.30,3x150,247,6916,5014.10,1,AHP-PL-EL-PDF-PSW-05 PV System Wiring Diagram T05 Rev_00.pdf
T05,8,T05-INV08,16,T05-INV08-S16,28,21,588,426.30,3x150,247,6916,5014.10,1,AHP-PL-EL-PDF-PSW-05 PV System Wiring Diagram T05 Rev_00.pdf
T05,8,T05-INV08,17,T05-INV08-S17,28,21,588,426.30,3x150,247,6916,5014.10,1,AHP-PL-EL-PDF-PSW-05 PV System Wiring Diagram T05 Rev_00.pdf
T05,8,T05-INV08,18,T05-INV08-S18,28,21,588,426.30,3x150,247,6916,5014.10,1,AHP-PL-EL-PDF-PSW-05 PV System Wiring Diagram T05 Rev_00.pdf
T05,8,T05-INV08,19,T05-INV08-S19,28,21,588,426.30,3x150,247,6916,5014.10,1,AHP-PL-EL-PDF-PSW-05 PV System Wiring Diagram T05 Rev_00.pdf
T05,8,T05-INV08,20,T05-INV08-S20,28,21,588,426.30,3x150,247,6916,5014.10,1,AHP-PL-EL-PDF-PSW-05 PV System Wiring Diagram T05 Rev_00.pdf
T05,8,T05-INV08,21,T05-INV08-S21,28,21,588,426.30,3x150,247,6916,5014.10,1,AHP-PL-EL-PDF-PSW-05 PV System Wiring Diagram T05 Rev_00.pdf
T05,9,T05-INV09,1,T05-INV09-S01,28,21,588,426.30,3x150,247,6916,5014.10,1,AHP-PL-EL-PDF-PSW-05 PV System Wiring Diagram T05 Rev_00.pdf
T05,9,T05-INV09,2,T05-INV09-S02,28,21,588,426.30,3x150,247,6916,5014.10,1,AHP-PL-EL-PDF-PSW-05 PV System Wiring Diagram T05 Rev_00.pdf
T05,9,T05-INV09,3,T05-INV09-S03,28,21,588,426.30,3x150,247,6916,5014.10,1,AHP-PL-EL-PDF-PSW-05 PV System Wiring Diagram T05 Rev_00.pdf
T05,9,T05-INV09,4,T05-INV09-S04,28,21,588,426.30,3x150,247,6916,5014.10,1,AHP-PL-EL-PDF-PSW-05 PV System Wiring Diagram T05 Rev_00.pdf
T05,9,T05-INV09,5,T05-INV09-S05,28,21,588,426.30,3x150,247,6916,5014.10,1,AHP-PL-EL-PDF-PSW-05 PV System Wiring Diagram T05 Rev_00.pdf
T05,9,T05-INV09,6,T05-INV09-S06,28,21,588,426.30,3x150,247,6916,5014.10,1,AHP-PL-EL-PDF-PSW-05 PV System Wiring Diagram T05 Rev_00.pdf
T05,9,T05-INV09,7,T05-INV09-S07,28,21,588,426.30,3x150,247,6916,5014.10,1,AHP-PL-EL-PDF-PSW-05 PV System Wiring Diagram T05 Rev_00.pdf
T05,9,T05-INV09,8,T05-INV09-S08,28,21,588,426.30,3x150,247,6916,5014.10,1,AHP-PL-EL-PDF-PSW-05 PV System Wiring Diagram T05 Rev_00.pdf
T05,9,T05-INV09,9,T05-INV09-S09,28,21,588,426.30,3x150,247,6916,5014.10,1,AHP-PL-EL-PDF-PSW-05 PV System Wiring Diagram T05 Rev_00.pdf
T05,9,T05-INV09,10,T05-INV09-S10,28,21,588,426.30,3x150,247,6916,5014.10,1,AHP-PL-EL-PDF-PSW-05 PV System Wiring Diagram T05 Rev_00.pdf
T05,9,T05-INV09,11,T05-INV09-S11,28,21,588,426.30,3x150,247,6916,5014.10,1,AHP-PL-EL-PDF-PSW-05 PV System Wiring Diagram T05 Rev_00.pdf
T05,9,T05-INV09,12,T05-INV09-S12,28,21,588,426.30,3x150,247,6916,5014.10,1,AHP-PL-EL-PDF-PSW-05 PV System Wiring Diagram T05 Rev_00.pdf
T05,9,T05-INV09,13,T05-INV09-S13,28,21,588,426.30,3x150,247,6916,5014.10,1,AHP-PL-EL-PDF-PSW-05 PV System Wiring Diagram T05 Rev_00.pdf
T05,9,T05-INV09,14,T05-INV09-S14,28,21,588,426.30,3x150,247,6916,5014.10,1,AHP-PL-EL-PDF-PSW-05 PV System Wiring Diagram T05 Rev_00.pdf
T05,9,T05-INV09,15,T05-INV09-S15,28,21,588,426.30,3x150,247,6916,5014.10,1,AHP-PL-EL-PDF-PSW-05 PV System Wiring Diagram T05 Rev_00.pdf
T05,9,T05-INV09,16,T05-INV09-S16,28,21,588,426.30,3x150,247,6916,5014.10,1,AHP-PL-EL-PDF-PSW-05 PV System Wiring Diagram T05 Rev_00.pdf
T05,9,T05-INV09,17,T05-INV09-S17,28,21,588,426.30,3x150,247,6916,5014.10,1,AHP-PL-EL-PDF-PSW-05 PV System Wiring Diagram T05 Rev_00.pdf
T05,9,T05-INV09,18,T05-INV09-S18,28,21,588,426.30,3x150,247,6916,5014.10,1,AHP-PL-EL-PDF-PSW-05 PV System Wiring Diagram T05 Rev_00.pdf
T05,9,T05-INV09,19,T05-INV09-S19,28,21,588,426.30,3x150,247,6916,5014.10,1,AHP-PL-EL-PDF-PSW-05 PV System Wiring Diagram T05 Rev_00.pdf
T05,9,T05-INV09,20,T05-INV09-S20,28,21,588,426.30,3x150,247,6916,5014.10,1,AHP-PL-EL-PDF-PSW-05 PV System Wiring Diagram T05 Rev_00.pdf
T05,9,T05-INV09,21,T05-INV09-S21,28,21,588,426.30,3x150,247,6916,5014.10,1,AHP-PL-EL-PDF-PSW-05 PV System Wiring Diagram T05 Rev_00.pdf
T05,10,T05-INV10,1,T05-INV10-S01,28,21,588,426.30,3x150,247,6916,5014.10,1,AHP-PL-EL-PDF-PSW-05 PV System Wiring Diagram T05 Rev_00.pdf
T05,10,T05-INV10,2,T05-INV10-S02,28,21,588,426.30,3x150,247,6916,5014.10,1,AHP-PL-EL-PDF-PSW-05 PV System Wiring Diagram T05 Rev_00.pdf
T05,10,T05-INV10,3,T05-INV10-S03,28,21,588,426.30,3x150,247,6916,5014.10,1,AHP-PL-EL-PDF-PSW-05 PV System Wiring Diagram T05 Rev_00.pdf
T05,10,T05-INV10,4,T05-INV10-S04,28,21,588,426.30,3x150,247,6916,5014.10,1,AHP-PL-EL-PDF-PSW-05 PV System Wiring Diagram T05 Rev_00.pdf
T05,10,T05-INV10,5,T05-INV10-S05,28,21,588,426.30,3x150,247,6916,5014.10,1,AHP-PL-EL-PDF-PSW-05 PV System Wiring Diagram T05 Rev_00.pdf
T05,10,T05-INV10,6,T05-INV10-S06,28,21,588,426.30,3x150,247,6916,5014.10,1,AHP-PL-EL-PDF-PSW-05 PV System Wiring Diagram T05 Rev_00.pdf
T05,10,T05-INV10,7,T05-INV10-S07,28,21,588,426.30,3x150,247,6916,5014.10,1,AHP-PL-EL-PDF-PSW-05 PV System Wiring Diagram T05 Rev_00.pdf
T05,10,T05-INV10,8,T05-INV10-S08,28,21,588,426.30,3x150,247,6916,5014.10,1,AHP-PL-EL-PDF-PSW-05 PV System Wiring Diagram T05 Rev_00.pdf
T05,10,T05-INV10,9,T05-INV10-S09,28,21,588,426.30,3x150,247,6916,5014.10,1,AHP-PL-EL-PDF-PSW-05 PV System Wiring Diagram T05 Rev_00.pdf
T05,10,T05-INV10,10,T05-INV10-S10,28,21,588,426.30,3x150,247,6916,5014.10,1,AHP-PL-EL-PDF-PSW-05 PV System Wiring Diagram T05 Rev_00.pdf
T05,10,T05-INV10,11,T05-INV10-S11,28,21,588,426.30,3x150,247,6916,5014.10,1,AHP-PL-EL-PDF-PSW-05 PV System Wiring Diagram T05 Rev_00.pdf
T05,10,T05-INV10,12,T05-INV10-S12,28,21,588,426.30,3x150,247,6916,5014.10,1,AHP-PL-EL-PDF-PSW-05 PV System Wiring Diagram T05 Rev_00.pdf
T05,10,T05-INV10,13,T05-INV10-S13,28,21,588,426.30,3x150,247,6916,5014.10,1,AHP-PL-EL-PDF-PSW-05 PV System Wiring Diagram T05 Rev_00.pdf
T05,10,T05-INV10,14,T05-INV10-S14,28,21,588,426.30,3x150,247,6916,5014.10,1,AHP-PL-EL-PDF-PSW-05 PV System Wiring Diagram T05 Rev_00.pdf
T05,10,T05-INV10,15,T05-INV10-S15,28,21,588,426.30,3x150,247,6916,5014.10,1,AHP-PL-EL-PDF-PSW-05 PV System Wiring Diagram T05 Rev_00.pdf
T05,10,T05-INV10,16,T05-INV10-S16,28,21,588,426.30,3x150,247,6916,5014.10,1,AHP-PL-EL-PDF-PSW-05 PV System Wiring Diagram T05 Rev_00.pdf
T05,10,T05-INV10,17,T05-INV10-S17,28,21,588,426.30,3x150,247,6916,5014.10,1,AHP-PL-EL-PDF-PSW-05 PV System Wiring Diagram T05 Rev_00.pdf
T05,10,T05-INV10,18,T05-INV10-S18,28,21,588,426.30,3x150,247,6916,5014.10,1,AHP-PL-EL-PDF-PSW-05 PV System Wiring Diagram T05 Rev_00.pdf
T05,10,T05-INV10,19,T05-INV10-S19,28,21,588,426.30,3x150,247,6916,5014.10,1,AHP-PL-EL-PDF-PSW-05 PV System Wiring Diagram T05 Rev_00.pdf
T05,10,T05-INV10,20,T05-INV10-S20,28,21,588,426.30,3x150,247,6916,5014.10,1,AHP-PL-EL-PDF-PSW-05 PV System Wiring Diagram T05 Rev_00.pdf
T05,10,T05-INV10,21,T05-INV10-S21,28,21,588,426.30,3x150,247,6916,5014.10,1,AHP-PL-EL-PDF-PSW-05 PV System Wiring Diagram T05 Rev_00.pdf
T05,11,T05-INV11,1,T05-INV11-S01,28,21,588,426.30,3x150,247,6916,5014.10,1,AHP-PL-EL-PDF-PSW-05 PV System Wiring Diagram T05 Rev_00.pdf
T05,11,T05-INV11,2,T05-INV11-S02,28,21,588,426.30,3x150,247,6916,5014.10,1,AHP-PL-EL-PDF-PSW-05 PV System Wiring Diagram T05 Rev_00.pdf
T05,11,T05-INV11,3,T05-INV11-S03,28,21,588,426.30,3x150,247,6916,5014.10,1,AHP-PL-EL-PDF-PSW-05 PV System Wiring Diagram T05 Rev_00.pdf
T05,11,T05-INV11,4,T05-INV11-S04,28,21,588,426.30,3x150,247,6916,5014.10,1,AHP-PL-EL-PDF-PSW-05 PV System Wiring Diagram T05 Rev_00.pdf
T05,11,T05-INV11,5,T05-INV11-S05,28,21,588,426.30,3x150,247,6916,5014.10,1,AHP-PL-EL-PDF-PSW-05 PV System Wiring Diagram T05 Rev_00.pdf
T05,11,T05-INV11,6,T05-INV11-S06,28,21,588,426.30,3x150,247,6916,5014.10,1,AHP-PL-EL-PDF-PSW-05 PV System Wiring Diagram T05 Rev_00.pdf
T05,11,T05-INV11,7,T05-INV11-S07,28,21,588,426.30,3x150,247,6916,5014.10,1,AHP-PL-EL-PDF-PSW-05 PV System Wiring Diagram T05 Rev_00.pdf
T05,11,T05-INV11,8,T05-INV11-S08,28,21,588,426.30,3x150,247,6916,5014.10,1,AHP-PL-EL-PDF-PSW-05 PV System Wiring Diagram T05 Rev_00.pdf
T05,11,T05-INV11,9,T05-INV11-S09,28,21,588,426.30,3x150,247,6916,5014.10,1,AHP-PL-EL-PDF-PSW-05 PV System Wiring Diagram T05 Rev_00.pdf
T05,11,T05-INV11,10,T05-INV11-S10,28,21,588,426.30,3x150,247,6916,5014.10,1,AHP-PL-EL-PDF-PSW-05 PV System Wiring Diagram T05 Rev_00.pdf
T05,11,T05-INV11,11,T05-INV11-S11,28,21,588,426.30,3x150,247,6916,5014.10,1,AHP-PL-EL-PDF-PSW-05 PV System Wiring Diagram T05 Rev_00.pdf
T05,11,T05-INV11,12,T05-INV11-S12,28,21,588,426.30,3x150,247,6916,5014.10,1,AHP-PL-EL-PDF-PSW-05 PV System Wiring Diagram T05 Rev_00.pdf
T05,11,T05-INV11,13,T05-INV11-S13,28,21,588,426.30,3x150,247,6916,5014.10,1,AHP-PL-EL-PDF-PSW-05 PV System Wiring Diagram T05 Rev_00.pdf
T05,11,T05-INV11,14,T05-INV11-S14,28,21,588,426.30,3x150,247,6916,5014.10,1,AHP-PL-EL-PDF-PSW-05 PV System Wiring Diagram T05 Rev_00.pdf
T05,11,T05-INV11,15,T05-INV11-S15,28,21,588,426.30,3x150,247,6916,5014.10,1,AHP-PL-EL-PDF-PSW-05 PV System Wiring Diagram T05 Rev_00.pdf
T05,11,T05-INV11,16,T05-INV11-S16,28,21,588,426.30,3x150,247,6916,5014.10,1,AHP-PL-EL-PDF-PSW-05 PV System Wiring Diagram T05 Rev_00.pdf
T05,11,T05-INV11,17,T05-INV11-S17,28,21,588,426.30,3x150,247,6916,5014.10,1,AHP-PL-EL-PDF-PSW-05 PV System Wiring Diagram T05 Rev_00.pdf
T05,11,T05-INV11,18,T05-INV11-S18,28,21,588,426.30,3x150,247,6916,5014.10,1,AHP-PL-EL-PDF-PSW-05 PV System Wiring Diagram T05 Rev_00.pdf
T05,11,T05-INV11,19,T05-INV11-S19,28,21,588,426.30,3x150,247,6916,5014.10,1,AHP-PL-EL-PDF-PSW-05 PV System Wiring Diagram T05 Rev_00.pdf
T05,11,T05-INV11,20,T05-INV11-S20,28,21,588,426.30,3x150,247,6916,5014.10,1,AHP-PL-EL-PDF-PSW-05 PV System Wiring Diagram T05 Rev_00.pdf
T05,11,T05-INV11,21,T05-INV11-S21,28,21,588,426.30,3x150,247,6916,5014.10,1,AHP-PL-EL-PDF-PSW-05 PV System Wiring Diagram T05 Rev_00.pdf
T05,12,T05-INV12,1,T05-INV12-S01,28,21,588,426.30,3x150,247,6916,5014.10,1,AHP-PL-EL-PDF-PSW-05 PV System Wiring Diagram T05 Rev_00.pdf
T05,12,T05-INV12,2,T05-INV12-S02,28,21,588,426.30,3x150,247,6916,5014.10,1,AHP-PL-EL-PDF-PSW-05 PV System Wiring Diagram T05 Rev_00.pdf
T05,12,T05-INV12,3,T05-INV12-S03,28,21,588,426.30,3x150,247,6916,5014.10,1,AHP-PL-EL-PDF-PSW-05 PV System Wiring Diagram T05 Rev_00.pdf
T05,12,T05-INV12,4,T05-INV12-S04,28,21,588,426.30,3x150,247,6916,5014.10,1,AHP-PL-EL-PDF-PSW-05 PV System Wiring Diagram T05 Rev_00.pdf
T05,12,T05-INV12,5,T05-INV12-S05,28,21,588,426.30,3x150,247,6916,5014.10,1,AHP-PL-EL-PDF-PSW-05 PV System Wiring Diagram T05 Rev_00.pdf
T05,12,T05-INV12,6,T05-INV12-S06,28,21,588,426.30,3x150,247,6916,5014.10,1,AHP-PL-EL-PDF-PSW-05 PV System Wiring Diagram T05 Rev_00.pdf
T05,12,T05-INV12,7,T05-INV12-S07,28,21,588,426.30,3x150,247,6916,5014.10,1,AHP-PL-EL-PDF-PSW-05 PV System Wiring Diagram T05 Rev_00.pdf
T05,12,T05-INV12,8,T05-INV12-S08,28,21,588,426.30,3x150,247,6916,5014.10,1,AHP-PL-EL-PDF-PSW-05 PV System Wiring Diagram T05 Rev_00.pdf
T05,12,T05-INV12,9,T05-INV12-S09,28,21,588,426.30,3x150,247,6916,5014.10,1,AHP-PL-EL-PDF-PSW-05 PV System Wiring Diagram T05 Rev_00.pdf
T05,12,T05-INV12,10,T05-INV12-S10,28,21,588,426.30,3x150,247,6916,5014.10,1,AHP-PL-EL-PDF-PSW-05 PV System Wiring Diagram T05 Rev_00.pdf
T05,12,T05-INV12,11,T05-INV12-S11,28,21,588,426.30,3x150,247,6916,5014.10,1,AHP-PL-EL-PDF-PSW-05 PV System Wiring Diagram T05 Rev_00.pdf
T05,12,T05-INV12,12,T05-INV12-S12,28,21,588,426.30,3x150,247,6916,5014.10,1,AHP-PL-EL-PDF-PSW-05 PV System Wiring Diagram T05 Rev_00.pdf
T05,12,T05-INV12,13,T05-INV12-S13,28,21,588,426.30,3x150,247,6916,5014.10,1,AHP-PL-EL-PDF-PSW-05 PV System Wiring Diagram T05 Rev_00.pdf
T05,12,T05-INV12,14,T05-INV12-S14,28,21,588,426.30,3x150,247,6916,5014.10,1,AHP-PL-EL-PDF-PSW-05 PV System Wiring Diagram T05 Rev_00.pdf
T05,12,T05-INV12,15,T05-INV12-S15,28,21,588,426.30,3x150,247,6916,5014.10,1,AHP-PL-EL-PDF-PSW-05 PV System Wiring Diagram T05 Rev_00.pdf
T05,12,T05-INV12,16,T05-INV12-S16,28,21,588,426.30,3x150,247,6916,5014.10,1,AHP-PL-EL-PDF-PSW-05 PV System Wiring Diagram T05 Rev_00.pdf
T05,12,T05-INV12,17,T05-INV12-S17,28,21,588,426.30,3x150,247,6916,5014.10,1,AHP-PL-EL-PDF-PSW-05 PV System Wiring Diagram T05 Rev_00.pdf
T05,12,T05-INV12,18,T05-INV12-S18,28,21,588,426.30,3x150,247,6916,5014.10,1,AHP-PL-EL-PDF-PSW-05 PV System Wiring Diagram T05 Rev_00.pdf
T05,12,T05-INV12,19,T05-INV12-S19,28,21,588,426.30,3x150,247,6916,5014.10,1,AHP-PL-EL-PDF-PSW-05 PV System Wiring Diagram T05 Rev_00.pdf
T05,12,T05-INV12,20,T05-INV12-S20,28,21,588,426.30,3x150,247,6916,5014.10,1,AHP-PL-EL-PDF-PSW-05 PV System Wiring Diagram T05 Rev_00.pdf
T05,12,T05-INV12,21,T05-INV12-S21,28,21,588,426.30,3x150,247,6916,5014.10,1,AHP-PL-EL-PDF-PSW-05 PV System Wiring Diagram T05 Rev_00.pdf
T06,1,T06-INV01,1,T06-INV01-S01,28,21,588,423.36,3x150,273,7644,5503.68,1,AHP-PL-EL-PDF-PSW-06 PV System Wiring Diagram T06 Rev_00.pdf
T06,1,T06-INV01,2,T06-INV01-S02,28,21,588,423.36,3x150,273,7644,5503.68,1,AHP-PL-EL-PDF-PSW-06 PV System Wiring Diagram T06 Rev_00.pdf
T06,1,T06-INV01,3,T06-INV01-S03,28,21,588,423.36,3x150,273,7644,5503.68,1,AHP-PL-EL-PDF-PSW-06 PV System Wiring Diagram T06 Rev_00.pdf
T06,1,T06-INV01,4,T06-INV01-S04,28,21,588,423.36,3x150,273,7644,5503.68,1,AHP-PL-EL-PDF-PSW-06 PV System Wiring Diagram T06 Rev_00.pdf
T06,1,T06-INV01,5,T06-INV01-S05,28,21,588,423.36,3x150,273,7644,5503.68,1,AHP-PL-EL-PDF-PSW-06 PV System Wiring Diagram T06 Rev_00.pdf
T06,1,T06-INV01,6,T06-INV01-S06,28,21,588,423.36,3x150,273,7644,5503.68,1,AHP-PL-EL-PDF-PSW-06 PV System Wiring Diagram T06 Rev_00.pdf
T06,1,T06-INV01,7,T06-INV01-S07,28,21,588,423.36,3x150,273,7644,5503.68,1,AHP-PL-EL-PDF-PSW-06 PV System Wiring Diagram T06 Rev_00.pdf
T06,1,T06-INV01,8,T06-INV01-S08,28,21,588,423.36,3x150,273,7644,5503.68,1,AHP-PL-EL-PDF-PSW-06 PV System Wiring Diagram T06 Rev_00.pdf
T06,1,T06-INV01,9,T06-INV01-S09,28,21,588,423.36,3x150,273,7644,5503.68,1,AHP-PL-EL-PDF-PSW-06 PV System Wiring Diagram T06 Rev_00.pdf
T06,1,T06-INV01,10,T06-INV01-S10,28,21,588,423.36,3x150,273,7644,5503.68,1,AHP-PL-EL-PDF-PSW-06 PV System Wiring Diagram T06 Rev_00.pdf
T06,1,T06-INV01,11,T06-INV01-S11,28,21,588,423.36,3x150,273,7644,5503.68,1,AHP-PL-EL-PDF-PSW-06 PV System Wiring Diagram T06 Rev_00.pdf
T06,1,T06-INV01,12,T06-INV01-S12,28,21,588,423.36,3x150,273,7644,5503.68,1,AHP-PL-EL-PDF-PSW-06 PV System Wiring Diagram T06 Rev_00.pdf
T06,1,T06-INV01,13,T06-INV01-S13,28,21,588,423.36,3x150,273,7644,5503.68,1,AHP-PL-EL-PDF-PSW-06 PV System Wiring Diagram T06 Rev_00.pdf
T06,1,T06-INV01,14,T06-INV01-S14,28,21,588,423.36,3x150,273,7644,5503.68,1,AHP-PL-EL-PDF-PSW-06 PV System Wiring Diagram T06 Rev_00.pdf
T06,1,T06-INV01,15,T06-INV01-S15,28,21,588,423.36,3x150,273,7644,5503.68,1,AHP-PL-EL-PDF-PSW-06 PV System Wiring Diagram T06 Rev_00.pdf
T06,1,T06-INV01,16,T06-INV01-S16,28,21,588,423.36,3x150,273,7644,5503.68,1,AHP-PL-EL-PDF-PSW-06 PV System Wiring Diagram T06 Rev_00.pdf
T06,1,T06-INV01,17,T06-INV01-S17,28,21,588,423.36,3x150,273,7644,5503.68,1,AHP-PL-EL-PDF-PSW-06 PV System Wiring Diagram T06 Rev_00.pdf
T06,1,T06-INV01,18,T06-INV01-S18,28,21,588,423.36,3x150,273,7644,5503.68,1,AHP-PL-EL-PDF-PSW-06 PV System Wiring Diagram T06 Rev_00.pdf
T06,1,T06-INV01,19,T06-INV01-S19,28,21,588,423.36,3x150,273,7644,5503.68,1,AHP-PL-EL-PDF-PSW-06 PV System Wiring Diagram T06 Rev_00.pdf
T06,1,T06-INV01,20,T06-INV01-S20,28,21,588,423.36,3x150,273,7644,5503.68,1,AHP-PL-EL-PDF-PSW-06 PV System Wiring Diagram T06 Rev_00.pdf
T06,1,T06-INV01,21,T06-INV01-S21,28,21,588,423.36,3x150,273,7644,5503.68,1,AHP-PL-EL-PDF-PSW-06 PV System Wiring Diagram T06 Rev_00.pdf
T06,2,T06-INV02,1,T06-INV02-S01,28,21,588,423.36,3x150,273,7644,5503.68,1,AHP-PL-EL-PDF-PSW-06 PV System Wiring Diagram T06 Rev_00.pdf
T06,2,T06-INV02,2,T06-INV02-S02,28,21,588,423.36,3x150,273,7644,5503.68,1,AHP-PL-EL-PDF-PSW-06 PV System Wiring Diagram T06 Rev_00.pdf
T06,2,T06-INV02,3,T06-INV02-S03,28,21,588,423.36,3x150,273,7644,5503.68,1,AHP-PL-EL-PDF-PSW-06 PV System Wiring Diagram T06 Rev_00.pdf
T06,2,T06-INV02,4,T06-INV02-S04,28,21,588,423.36,3x150,273,7644,5503.68,1,AHP-PL-EL-PDF-PSW-06 PV System Wiring Diagram T06 Rev_00.pdf
T06,2,T06-INV02,5,T06-INV02-S05,28,21,588,423.36,3x150,273,7644,5503.68,1,AHP-PL-EL-PDF-PSW-06 PV System Wiring Diagram T06 Rev_00.pdf
T06,2,T06-INV02,6,T06-INV02-S06,28,21,588,423.36,3x150,273,7644,5503.68,1,AHP-PL-EL-PDF-PSW-06 PV System Wiring Diagram T06 Rev_00.pdf
T06,2,T06-INV02,7,T06-INV02-S07,28,21,588,423.36,3x150,273,7644,5503.68,1,AHP-PL-EL-PDF-PSW-06 PV System Wiring Diagram T06 Rev_00.pdf
T06,2,T06-INV02,8,T06-INV02-S08,28,21,588,423.36,3x150,273,7644,5503.68,1,AHP-PL-EL-PDF-PSW-06 PV System Wiring Diagram T06 Rev_00.pdf
T06,2,T06-INV02,9,T06-INV02-S09,28,21,588,423.36,3x150,273,7644,5503.68,1,AHP-PL-EL-PDF-PSW-06 PV System Wiring Diagram T06 Rev_00.pdf
T06,2,T06-INV02,10,T06-INV02-S10,28,21,588,423.36,3x150,273,7644,5503.68,1,AHP-PL-EL-PDF-PSW-06 PV System Wiring Diagram T06 Rev_00.pdf
T06,2,T06-INV02,11,T06-INV02-S11,28,21,588,423.36,3x150,273,7644,5503.68,1,AHP-PL-EL-PDF-PSW-06 PV System Wiring Diagram T06 Rev_00.pdf
T06,2,T06-INV02,12,T06-INV02-S12,28,21,588,423.36,3x150,273,7644,5503.68,1,AHP-PL-EL-PDF-PSW-06 PV System Wiring Diagram T06 Rev_00.pdf
T06,2,T06-INV02,13,T06-INV02-S13,28,21,588,423.36,3x150,273,7644,5503.68,1,AHP-PL-EL-PDF-PSW-06 PV System Wiring Diagram T06 Rev_00.pdf
T06,2,T06-INV02,14,T06-INV02-S14,28,21,588,423.36,3x150,273,7644,5503.68,1,AHP-PL-EL-PDF-PSW-06 PV System Wiring Diagram T06 Rev_00.pdf
T06,2,T06-INV02,15,T06-INV02-S15,28,21,588,423.36,3x150,273,7644,5503.68,1,AHP-PL-EL-PDF-PSW-06 PV System Wiring Diagram T06 Rev_00.pdf
T06,2,T06-INV02,16,T06-INV02-S16,28,21,588,423.36,3x150,273,7644,5503.68,1,AHP-PL-EL-PDF-PSW-06 PV System Wiring Diagram T06 Rev_00.pdf
T06,2,T06-INV02,17,T06-INV02-S17,28,21,588,423.36,3x150,273,7644,5503.68,1,AHP-PL-EL-PDF-PSW-06 PV System Wiring Diagram T06 Rev_00.pdf
T06,2,T06-INV02,18,T06-INV02-S18,28,21,588,423.36,3x150,273,7644,5503.68,1,AHP-PL-EL-PDF-PSW-06 PV System Wiring Diagram T06 Rev_00.pdf
T06,2,T06-INV02,19,T06-INV02-S19,28,21,588,423.36,3x150,273,7644,5503.68,1,AHP-PL-EL-PDF-PSW-06 PV System Wiring Diagram T06 Rev_00.pdf
T06,2,T06-INV02,20,T06-INV02-S20,28,21,588,423.36,3x150,273,7644,5503.68,1,AHP-PL-EL-PDF-PSW-06 PV System Wiring Diagram T06 Rev_00.pdf
T06,2,T06-INV02,21,T06-INV02-S21,28,21,588,423.36,3x150,273,7644,5503.68,1,AHP-PL-EL-PDF-PSW-06 PV System Wiring Diagram T06 Rev_00.pdf
T06,3,T06-INV03,1,T06-INV03-S01,28,21,588,423.36,3x150,273,7644,5503.68,1,AHP-PL-EL-PDF-PSW-06 PV System Wiring Diagram T06 Rev_00.pdf
T06,3,T06-INV03,2,T06-INV03-S02,28,21,588,423.36,3x150,273,7644,5503.68,1,AHP-PL-EL-PDF-PSW-06 PV System Wiring Diagram T06 Rev_00.pdf
T06,3,T06-INV03,3,T06-INV03-S03,28,21,588,423.36,3x150,273,7644,5503.68,1,AHP-PL-EL-PDF-PSW-06 PV System Wiring Diagram T06 Rev_00.pdf
T06,3,T06-INV03,4,T06-INV03-S04,28,21,588,423.36,3x150,273,7644,5503.68,1,AHP-PL-EL-PDF-PSW-06 PV System Wiring Diagram T06 Rev_00.pdf
T06,3,T06-INV03,5,T06-INV03-S05,28,21,588,423.36,3x150,273,7644,5503.68,1,AHP-PL-EL-PDF-PSW-06 PV System Wiring Diagram T06 Rev_00.pdf
T06,3,T06-INV03,6,T06-INV03-S06,28,21,588,423.36,3x150,273,7644,5503.68,1,AHP-PL-EL-PDF-PSW-06 PV System Wiring Diagram T06 Rev_00.pdf
T06,3,T06-INV03,7,T06-INV03-S07,28,21,588,423.36,3x150,273,7644,5503.68,1,AHP-PL-EL-PDF-PSW-06 PV System Wiring Diagram T06 Rev_00.pdf
T06,3,T06-INV03,8,T06-INV03-S08,28,21,588,423.36,3x150,273,7644,5503.68,1,AHP-PL-EL-PDF-PSW-06 PV System Wiring Diagram T06 Rev_00.pdf
T06,3,T06-INV03,9,T06-INV03-S09,28,21,588,423.36,3x150,273,7644,5503.68,1,AHP-PL-EL-PDF-PSW-06 PV System Wiring Diagram T06 Rev_00.pdf
T06,3,T06-INV03,10,T06-INV03-S10,28,21,588,423.36,3x150,273,7644,5503.68,1,AHP-PL-EL-PDF-PSW-06 PV System Wiring Diagram T06 Rev_00.pdf
T06,3,T06-INV03,11,T06-INV03-S11,28,21,588,423.36,3x150,273,7644,5503.68,1,AHP-PL-EL-PDF-PSW-06 PV System Wiring Diagram T06 Rev_00.pdf
T06,3,T06-INV03,12,T06-INV03-S12,28,21,588,423.36,3x150,273,7644,5503.68,1,AHP-PL-EL-PDF-PSW-06 PV System Wiring Diagram T06 Rev_00.pdf
T06,3,T06-INV03,13,T06-INV03-S13,28,21,588,423.36,3x150,273,7644,5503.68,1,AHP-PL-EL-PDF-PSW-06 PV System Wiring Diagram T06 Rev_00.pdf
T06,3,T06-INV03,14,T06-INV03-S14,28,21,588,423.36,3x150,273,7644,5503.68,1,AHP-PL-EL-PDF-PSW-06 PV System Wiring Diagram T06 Rev_00.pdf
T06,3,T06-INV03,15,T06-INV03-S15,28,21,588,423.36,3x150,273,7644,5503.68,1,AHP-PL-EL-PDF-PSW-06 PV System Wiring Diagram T06 Rev_00.pdf
T06,3,T06-INV03,16,T06-INV03-S16,28,21,588,423.36,3x150,273,7644,5503.68,1,AHP-PL-EL-PDF-PSW-06 PV System Wiring Diagram T06 Rev_00.pdf
T06,3,T06-INV03,17,T06-INV03-S17,28,21,588,423.36,3x150,273,7644,5503.68,1,AHP-PL-EL-PDF-PSW-06 PV System Wiring Diagram T06 Rev_00.pdf
T06,3,T06-INV03,18,T06-INV03-S18,28,21,588,423.36,3x150,273,7644,5503.68,1,AHP-PL-EL-PDF-PSW-06 PV System Wiring Diagram T06 Rev_00.pdf
T06,3,T06-INV03,19,T06-INV03-S19,28,21,588,423.36,3x150,273,7644,5503.68,1,AHP-PL-EL-PDF-PSW-06 PV System Wiring Diagram T06 Rev_00.pdf
T06,3,T06-INV03,20,T06-INV03-S20,28,21,588,423.36,3x150,273,7644,5503.68,1,AHP-PL-EL-PDF-PSW-06 PV System Wiring Diagram T06 Rev_00.pdf
T06,3,T06-INV03,21,T06-INV03-S21,28,21,588,423.36,3x150,273,7644,5503.68,1,AHP-PL-EL-PDF-PSW-06 PV System Wiring Diagram T06 Rev_00.pdf
T06,4,T06-INV04,1,T06-INV04-S01,28,21,588,423.36,3x150,273,7644,5503.68,1,AHP-PL-EL-PDF-PSW-06 PV System Wiring Diagram T06 Rev_00.pdf
T06,4,T06-INV04,2,T06-INV04-S02,28,21,588,423.36,3x150,273,7644,5503.68,1,AHP-PL-EL-PDF-PSW-06 PV System Wiring Diagram T06 Rev_00.pdf
T06,4,T06-INV04,3,T06-INV04-S03,28,21,588,423.36,3x150,273,7644,5503.68,1,AHP-PL-EL-PDF-PSW-06 PV System Wiring Diagram T06 Rev_00.pdf
T06,4,T06-INV04,4,T06-INV04-S04,28,21,588,423.36,3x150,273,7644,5503.68,1,AHP-PL-EL-PDF-PSW-06 PV System Wiring Diagram T06 Rev_00.pdf
T06,4,T06-INV04,5,T06-INV04-S05,28,21,588,423.36,3x150,273,7644,5503.68,1,AHP-PL-EL-PDF-PSW-06 PV System Wiring Diagram T06 Rev_00.pdf
T06,4,T06-INV04,6,T06-INV04-S06,28,21,588,423.36,3x150,273,7644,5503.68,1,AHP-PL-EL-PDF-PSW-06 PV System Wiring Diagram T06 Rev_00.pdf
T06,4,T06-INV04,7,T06-INV04-S07,28,21,588,423.36,3x150,273,7644,5503.68,1,AHP-PL-EL-PDF-PSW-06 PV System Wiring Diagram T06 Rev_00.pdf
T06,4,T06-INV04,8,T06-INV04-S08,28,21,588,423.36,3x150,273,7644,5503.68,1,AHP-PL-EL-PDF-PSW-06 PV System Wiring Diagram T06 Rev_00.pdf
T06,4,T06-INV04,9,T06-INV04-S09,28,21,588,423.36,3x150,273,7644,5503.68,1,AHP-PL-EL-PDF-PSW-06 PV System Wiring Diagram T06 Rev_00.pdf
T06,4,T06-INV04,10,T06-INV04-S10,28,21,588,423.36,3x150,273,7644,5503.68,1,AHP-PL-EL-PDF-PSW-06 PV System Wiring Diagram T06 Rev_00.pdf
T06,4,T06-INV04,11,T06-INV04-S11,28,21,588,423.36,3x150,273,7644,5503.68,1,AHP-PL-EL-PDF-PSW-06 PV System Wiring Diagram T06 Rev_00.pdf
T06,4,T06-INV04,12,T06-INV04-S12,28,21,588,423.36,3x150,273,7644,5503.68,1,AHP-PL-EL-PDF-PSW-06 PV System Wiring Diagram T06 Rev_00.pdf
T06,4,T06-INV04,13,T06-INV04-S13,28,21,588,423.36,3x150,273,7644,5503.68,1,AHP-PL-EL-PDF-PSW-06 PV System Wiring Diagram T06 Rev_00.pdf
T06,4,T06-INV04,14,T06-INV04-S14,28,21,588,423.36,3x150,273,7644,5503.68,1,AHP-PL-EL-PDF-PSW-06 PV System Wiring Diagram T06 Rev_00.pdf
T06,4,T06-INV04,15,T06-INV04-S15,28,21,588,423.36,3x150,273,7644,5503.68,1,AHP-PL-EL-PDF-PSW-06 PV System Wiring Diagram T06 Rev_00.pdf
T06,4,T06-INV04,16,T06-INV04-S16,28,21,588,423.36,3x150,273,7644,5503.68,1,AHP-PL-EL-PDF-PSW-06 PV System Wiring Diagram T06 Rev_00.pdf
T06,4,T06-INV04,17,T06-INV04-S17,28,21,588,423.36,3x150,273,7644,5503.68,1,AHP-PL-EL-PDF-PSW-06 PV System Wiring Diagram T06 Rev_00.pdf
T06,4,T06-INV04,18,T06-INV04-S18,28,21,588,423.36,3x150,273,7644,5503.68,1,AHP-PL-EL-PDF-PSW-06 PV System Wiring Diagram T06 Rev_00.pdf
T06,4,T06-INV04,19,T06-INV04-S19,28,21,588,423.36,3x150,273,7644,5503.68,1,AHP-PL-EL-PDF-PSW-06 PV System Wiring Diagram T06 Rev_00.pdf
T06,4,T06-INV04,20,T06-INV04-S20,28,21,588,423.36,3x150,273,7644,5503.68,1,AHP-PL-EL-PDF-PSW-06 PV System Wiring Diagram T06 Rev_00.pdf
T06,4,T06-INV04,21,T06-INV04-S21,28,21,588,423.36,3x150,273,7644,5503.68,1,AHP-PL-EL-PDF-PSW-06 PV System Wiring Diagram T06 Rev_00.pdf
T06,5,T06-INV05,1,T06-INV05-S01,28,21,588,423.36,3x150,273,7644,5503.68,1,AHP-PL-EL-PDF-PSW-06 PV System Wiring Diagram T06 Rev_00.pdf
T06,5,T06-INV05,2,T06-INV05-S02,28,21,588,423.36,3x150,273,7644,5503.68,1,AHP-PL-EL-PDF-PSW-06 PV System Wiring Diagram T06 Rev_00.pdf
T06,5,T06-INV05,3,T06-INV05-S03,28,21,588,423.36,3x150,273,7644,5503.68,1,AHP-PL-EL-PDF-PSW-06 PV System Wiring Diagram T06 Rev_00.pdf
T06,5,T06-INV05,4,T06-INV05-S04,28,21,588,423.36,3x150,273,7644,5503.68,1,AHP-PL-EL-PDF-PSW-06 PV System Wiring Diagram T06 Rev_00.pdf
T06,5,T06-INV05,5,T06-INV05-S05,28,21,588,423.36,3x150,273,7644,5503.68,1,AHP-PL-EL-PDF-PSW-06 PV System Wiring Diagram T06 Rev_00.pdf
T06,5,T06-INV05,6,T06-INV05-S06,28,21,588,423.36,3x150,273,7644,5503.68,1,AHP-PL-EL-PDF-PSW-06 PV System Wiring Diagram T06 Rev_00.pdf
T06,5,T06-INV05,7,T06-INV05-S07,28,21,588,423.36,3x150,273,7644,5503.68,1,AHP-PL-EL-PDF-PSW-06 PV System Wiring Diagram T06 Rev_00.pdf
T06,5,T06-INV05,8,T06-INV05-S08,28,21,588,423.36,3x150,273,7644,5503.68,1,AHP-PL-EL-PDF-PSW-06 PV System Wiring Diagram T06 Rev_00.pdf
T06,5,T06-INV05,9,T06-INV05-S09,28,21,588,423.36,3x150,273,7644,5503.68,1,AHP-PL-EL-PDF-PSW-06 PV System Wiring Diagram T06 Rev_00.pdf
T06,5,T06-INV05,10,T06-INV05-S10,28,21,588,423.36,3x150,273,7644,5503.68,1,AHP-PL-EL-PDF-PSW-06 PV System Wiring Diagram T06 Rev_00.pdf
T06,5,T06-INV05,11,T06-INV05-S11,28,21,588,423.36,3x150,273,7644,5503.68,1,AHP-PL-EL-PDF-PSW-06 PV System Wiring Diagram T06 Rev_00.pdf
T06,5,T06-INV05,12,T06-INV05-S12,28,21,588,423.36,3x150,273,7644,5503.68,1,AHP-PL-EL-PDF-PSW-06 PV System Wiring Diagram T06 Rev_00.pdf
T06,5,T06-INV05,13,T06-INV05-S13,28,21,588,423.36,3x150,273,7644,5503.68,1,AHP-PL-EL-PDF-PSW-06 PV System Wiring Diagram T06 Rev_00.pdf
T06,5,T06-INV05,14,T06-INV05-S14,28,21,588,423.36,3x150,273,7644,5503.68,1,AHP-PL-EL-PDF-PSW-06 PV System Wiring Diagram T06 Rev_00.pdf
T06,5,T06-INV05,15,T06-INV05-S15,28,21,588,423.36,3x150,273,7644,5503.68,1,AHP-PL-EL-PDF-PSW-06 PV System Wiring Diagram T06 Rev_00.pdf
T06,5,T06-INV05,16,T06-INV05-S16,28,21,588,423.36,3x150,273,7644,5503.68,1,AHP-PL-EL-PDF-PSW-06 PV System Wiring Diagram T06 Rev_00.pdf
T06,5,T06-INV05,17,T06-INV05-S17,28,21,588,423.36,3x150,273,7644,5503.68,1,AHP-PL-EL-PDF-PSW-06 PV System Wiring Diagram T06 Rev_00.pdf
T06,5,T06-INV05,18,T06-INV05-S18,28,21,588,423.36,3x150,273,7644,5503.68,1,AHP-PL-EL-PDF-PSW-06 PV System Wiring Diagram T06 Rev_00.pdf
T06,5,T06-INV05,19,T06-INV05-S19,28,21,588,423.36,3x150,273,7644,5503.68,1,AHP-PL-EL-PDF-PSW-06 PV System Wiring Diagram T06 Rev_00.pdf
T06,5,T06-INV05,20,T06-INV05-S20,28,21,588,423.36,3x150,273,7644,5503.68,1,AHP-PL-EL-PDF-PSW-06 PV System Wiring Diagram T06 Rev_00.pdf
T06,5,T06-INV05,21,T06-INV05-S21,28,21,588,423.36,3x150,273,7644,5503.68,1,AHP-PL-EL-PDF-PSW-06 PV System Wiring Diagram T06 Rev_00.pdf
T06,6,T06-INV06,1,T06-INV06-S01,28,21,588,423.36,3x150,273,7644,5503.68,1,AHP-PL-EL-PDF-PSW-06 PV System Wiring Diagram T06 Rev_00.pdf
T06,6,T06-INV06,2,T06-INV06-S02,28,21,588,423.36,3x150,273,7644,5503.68,1,AHP-PL-EL-PDF-PSW-06 PV System Wiring Diagram T06 Rev_00.pdf
T06,6,T06-INV06,3,T06-INV06-S03,28,21,588,423.36,3x150,273,7644,5503.68,1,AHP-PL-EL-PDF-PSW-06 PV System Wiring Diagram T06 Rev_00.pdf
T06,6,T06-INV06,4,T06-INV06-S04,28,21,588,423.36,3x150,273,7644,5503.68,1,AHP-PL-EL-PDF-PSW-06 PV System Wiring Diagram T06 Rev_00.pdf
T06,6,T06-INV06,5,T06-INV06-S05,28,21,588,423.36,3x150,273,7644,5503.68,1,AHP-PL-EL-PDF-PSW-06 PV System Wiring Diagram T06 Rev_00.pdf
T06,6,T06-INV06,6,T06-INV06-S06,28,21,588,423.36,3x150,273,7644,5503.68,1,AHP-PL-EL-PDF-PSW-06 PV System Wiring Diagram T06 Rev_00.pdf
T06,6,T06-INV06,7,T06-INV06-S07,28,21,588,423.36,3x150,273,7644,5503.68,1,AHP-PL-EL-PDF-PSW-06 PV System Wiring Diagram T06 Rev_00.pdf
T06,6,T06-INV06,8,T06-INV06-S08,28,21,588,423.36,3x150,273,7644,5503.68,1,AHP-PL-EL-PDF-PSW-06 PV System Wiring Diagram T06 Rev_00.pdf
T06,6,T06-INV06,9,T06-INV06-S09,28,21,588,423.36,3x150,273,7644,5503.68,1,AHP-PL-EL-PDF-PSW-06 PV System Wiring Diagram T06 Rev_00.pdf
T06,6,T06-INV06,10,T06-INV06-S10,28,21,588,423.36,3x150,273,7644,5503.68,1,AHP-PL-EL-PDF-PSW-06 PV System Wiring Diagram T06 Rev_00.pdf
T06,6,T06-INV06,11,T06-INV06-S11,28,21,588,423.36,3x150,273,7644,5503.68,1,AHP-PL-EL-PDF-PSW-06 PV System Wiring Diagram T06 Rev_00.pdf
T06,6,T06-INV06,12,T06-INV06-S12,28,21,588,423.36,3x150,273,7644,5503.68,1,AHP-PL-EL-PDF-PSW-06 PV System Wiring Diagram T06 Rev_00.pdf
T06,6,T06-INV06,13,T06-INV06-S13,28,21,588,423.36,3x150,273,7644,5503.68,1,AHP-PL-EL-PDF-PSW-06 PV System Wiring Diagram T06 Rev_00.pdf
T06,6,T06-INV06,14,T06-INV06-S14,28,21,588,423.36,3x150,273,7644,5503.68,1,AHP-PL-EL-PDF-PSW-06 PV System Wiring Diagram T06 Rev_00.pdf
T06,6,T06-INV06,15,T06-INV06-S15,28,21,588,423.36,3x150,273,7644,5503.68,1,AHP-PL-EL-PDF-PSW-06 PV System Wiring Diagram T06 Rev_00.pdf
T06,6,T06-INV06,16,T06-INV06-S16,28,21,588,423.36,3x150,273,7644,5503.68,1,AHP-PL-EL-PDF-PSW-06 PV System Wiring Diagram T06 Rev_00.pdf
T06,6,T06-INV06,17,T06-INV06-S17,28,21,588,423.36,3x150,273,7644,5503.68,1,AHP-PL-EL-PDF-PSW-06 PV System Wiring Diagram T06 Rev_00.pdf
T06,6,T06-INV06,18,T06-INV06-S18,28,21,588,423.36,3x150,273,7644,5503.68,1,AHP-PL-EL-PDF-PSW-06 PV System Wiring Diagram T06 Rev_00.pdf
T06,6,T06-INV06,19,T06-INV06-S19,28,21,588,423.36,3x150,273,7644,5503.68,1,AHP-PL-EL-PDF-PSW-06 PV System Wiring Diagram T06 Rev_00.pdf
T06,6,T06-INV06,20,T06-INV06-S20,28,21,588,423.36,3x150,273,7644,5503.68,1,AHP-PL-EL-PDF-PSW-06 PV System Wiring Diagram T06 Rev_00.pdf
T06,6,T06-INV06,21,T06-INV06-S21,28,21,588,423.36,3x150,273,7644,5503.68,1,AHP-PL-EL-PDF-PSW-06 PV System Wiring Diagram T06 Rev_00.pdf
T06,7,T06-INV07,1,T06-INV07-S01,28,21,588,423.36,3x150,273,7644,5503.68,1,AHP-PL-EL-PDF-PSW-06 PV System Wiring Diagram T06 Rev_00.pdf
T06,7,T06-INV07,2,T06-INV07-S02,28,21,588,423.36,3x150,273,7644,5503.68,1,AHP-PL-EL-PDF-PSW-06 PV System Wiring Diagram T06 Rev_00.pdf
T06,7,T06-INV07,3,T06-INV07-S03,28,21,588,423.36,3x150,273,7644,5503.68,1,AHP-PL-EL-PDF-PSW-06 PV System Wiring Diagram T06 Rev_00.pdf
T06,7,T06-INV07,4,T06-INV07-S04,28,21,588,423.36,3x150,273,7644,5503.68,1,AHP-PL-EL-PDF-PSW-06 PV System Wiring Diagram T06 Rev_00.pdf
T06,7,T06-INV07,5,T06-INV07-S05,28,21,588,423.36,3x150,273,7644,5503.68,1,AHP-PL-EL-PDF-PSW-06 PV System Wiring Diagram T06 Rev_00.pdf
T06,7,T06-INV07,6,T06-INV07-S06,28,21,588,423.36,3x150,273,7644,5503.68,1,AHP-PL-EL-PDF-PSW-06 PV System Wiring Diagram T06 Rev_00.pdf
T06,7,T06-INV07,7,T06-INV07-S07,28,21,588,423.36,3x150,273,7644,5503.68,1,AHP-PL-EL-PDF-PSW-06 PV System Wiring Diagram T06 Rev_00.pdf
T06,7,T06-INV07,8,T06-INV07-S08,28,21,588,423.36,3x150,273,7644,5503.68,1,AHP-PL-EL-PDF-PSW-06 PV System Wiring Diagram T06 Rev_00.pdf
T06,7,T06-INV07,9,T06-INV07-S09,28,21,588,423.36,3x150,273,7644,5503.68,1,AHP-PL-EL-PDF-PSW-06 PV System Wiring Diagram T06 Rev_00.pdf
T06,7,T06-INV07,10,T06-INV07-S10,28,21,588,423.36,3x150,273,7644,5503.68,1,AHP-PL-EL-PDF-PSW-06 PV System Wiring Diagram T06 Rev_00.pdf
T06,7,T06-INV07,11,T06-INV07-S11,28,21,588,423.36,3x150,273,7644,5503.68,1,AHP-PL-EL-PDF-PSW-06 PV System Wiring Diagram T06 Rev_00.pdf
T06,7,T06-INV07,12,T06-INV07-S12,28,21,588,423.36,3x150,273,7644,5503.68,1,AHP-PL-EL-PDF-PSW-06 PV System Wiring Diagram T06 Rev_00.pdf
T06,7,T06-INV07,13,T06-INV07-S13,28,21,588,423.36,3x150,273,7644,5503.68,1,AHP-PL-EL-PDF-PSW-06 PV System Wiring Diagram T06 Rev_00.pdf
T06,7,T06-INV07,14,T06-INV07-S14,28,21,588,423.36,3x150,273,7644,5503.68,1,AHP-PL-EL-PDF-PSW-06 PV System Wiring Diagram T06 Rev_00.pdf
T06,7,T06-INV07,15,T06-INV07-S15,28,21,588,423.36,3x150,273,7644,5503.68,1,AHP-PL-EL-PDF-PSW-06 PV System Wiring Diagram T06 Rev_00.pdf
T06,7,T06-INV07,16,T06-INV07-S16,28,21,588,423.36,3x150,273,7644,5503.68,1,AHP-PL-EL-PDF-PSW-06 PV System Wiring Diagram T06 Rev_00.pdf
T06,7,T06-INV07,17,T06-INV07-S17,28,21,588,423.36,3x150,273,7644,5503.68,1,AHP-PL-EL-PDF-PSW-06 PV System Wiring Diagram T06 Rev_00.pdf
T06,7,T06-INV07,18,T06-INV07-S18,28,21,588,423.36,3x150,273,7644,5503.68,1,AHP-PL-EL-PDF-PSW-06 PV System Wiring Diagram T06 Rev_00.pdf
T06,7,T06-INV07,19,T06-INV07-S19,28,21,588,423.36,3x150,273,7644,5503.68,1,AHP-PL-EL-PDF-PSW-06 PV System Wiring Diagram T06 Rev_00.pdf
T06,7,T06-INV07,20,T06-INV07-S20,28,21,588,423.36,3x150,273,7644,5503.68,1,AHP-PL-EL-PDF-PSW-06 PV System Wiring Diagram T06 Rev_00.pdf
T06,7,T06-INV07,21,T06-INV07-S21,28,21,588,423.36,3x150,273,7644,5503.68,1,AHP-PL-EL-PDF-PSW-06 PV System Wiring Diagram T06 Rev_00.pdf
T06,8,T06-INV08,1,T06-INV08-S01,28,21,588,423.36,3x150,273,7644,5503.68,1,AHP-PL-EL-PDF-PSW-06 PV System Wiring Diagram T06 Rev_00.pdf
T06,8,T06-INV08,2,T06-INV08-S02,28,21,588,423.36,3x150,273,7644,5503.68,1,AHP-PL-EL-PDF-PSW-06 PV System Wiring Diagram T06 Rev_00.pdf
T06,8,T06-INV08,3,T06-INV08-S03,28,21,588,423.36,3x150,273,7644,5503.68,1,AHP-PL-EL-PDF-PSW-06 PV System Wiring Diagram T06 Rev_00.pdf
T06,8,T06-INV08,4,T06-INV08-S04,28,21,588,423.36,3x150,273,7644,5503.68,1,AHP-PL-EL-PDF-PSW-06 PV System Wiring Diagram T06 Rev_00.pdf
T06,8,T06-INV08,5,T06-INV08-S05,28,21,588,423.36,3x150,273,7644,5503.68,1,AHP-PL-EL-PDF-PSW-06 PV System Wiring Diagram T06 Rev_00.pdf
T06,8,T06-INV08,6,T06-INV08-S06,28,21,588,423.36,3x150,273,7644,5503.68,1,AHP-PL-EL-PDF-PSW-06 PV System Wiring Diagram T06 Rev_00.pdf
T06,8,T06-INV08,7,T06-INV08-S07,28,21,588,423.36,3x150,273,7644,5503.68,1,AHP-PL-EL-PDF-PSW-06 PV System Wiring Diagram T06 Rev_00.pdf
T06,8,T06-INV08,8,T06-INV08-S08,28,21,588,423.36,3x150,273,7644,5503.68,1,AHP-PL-EL-PDF-PSW-06 PV System Wiring Diagram T06 Rev_00.pdf
T06,8,T06-INV08,9,T06-INV08-S09,28,21,588,423.36,3x150,273,7644,5503.68,1,AHP-PL-EL-PDF-PSW-06 PV System Wiring Diagram T06 Rev_00.pdf
T06,8,T06-INV08,10,T06-INV08-S10,28,21,588,423.36,3x150,273,7644,5503.68,1,AHP-PL-EL-PDF-PSW-06 PV System Wiring Diagram T06 Rev_00.pdf
T06,8,T06-INV08,11,T06-INV08-S11,28,21,588,423.36,3x150,273,7644,5503.68,1,AHP-PL-EL-PDF-PSW-06 PV System Wiring Diagram T06 Rev_00.pdf
T06,8,T06-INV08,12,T06-INV08-S12,28,21,588,423.36,3x150,273,7644,5503.68,1,AHP-PL-EL-PDF-PSW-06 PV System Wiring Diagram T06 Rev_00.pdf
T06,8,T06-INV08,13,T06-INV08-S13,28,21,588,423.36,3x150,273,7644,5503.68,1,AHP-PL-EL-PDF-PSW-06 PV System Wiring Diagram T06 Rev_00.pdf
T06,8,T06-INV08,14,T06-INV08-S14,28,21,588,423.36,3x150,273,7644,5503.68,1,AHP-PL-EL-PDF-PSW-06 PV System Wiring Diagram T06 Rev_00.pdf
T06,8,T06-INV08,15,T06-INV08-S15,28,21,588,423.36,3x150,273,7644,5503.68,1,AHP-PL-EL-PDF-PSW-06 PV System Wiring Diagram T06 Rev_00.pdf
T06,8,T06-INV08,16,T06-INV08-S16,28,21,588,423.36,3x150,273,7644,5503.68,1,AHP-PL-EL-PDF-PSW-06 PV System Wiring Diagram T06 Rev_00.pdf
T06,8,T06-INV08,17,T06-INV08-S17,28,21,588,423.36,3x150,273,7644,5503.68,1,AHP-PL-EL-PDF-PSW-06 PV System Wiring Diagram T06 Rev_00.pdf
T06,8,T06-INV08,18,T06-INV08-S18,28,21,588,423.36,3x150,273,7644,5503.68,1,AHP-PL-EL-PDF-PSW-06 PV System Wiring Diagram T06 Rev_00.pdf
T06,8,T06-INV08,19,T06-INV08-S19,28,21,588,423.36,3x150,273,7644,5503.68,1,AHP-PL-EL-PDF-PSW-06 PV System Wiring Diagram T06 Rev_00.pdf
T06,8,T06-INV08,20,T06-INV08-S20,28,21,588,423.36,3x150,273,7644,5503.68,1,AHP-PL-EL-PDF-PSW-06 PV System Wiring Diagram T06 Rev_00.pdf
T06,8,T06-INV08,21,T06-INV08-S21,28,21,588,423.36,3x150,273,7644,5503.68,1,AHP-PL-EL-PDF-PSW-06 PV System Wiring Diagram T06 Rev_00.pdf
T06,9,T06-INV09,1,T06-INV09-S01,28,21,588,423.36,3x150,273,7644,5503.68,1,AHP-PL-EL-PDF-PSW-06 PV System Wiring Diagram T06 Rev_00.pdf
T06,9,T06-INV09,2,T06-INV09-S02,28,21,588,423.36,3x150,273,7644,5503.68,1,AHP-PL-EL-PDF-PSW-06 PV System Wiring Diagram T06 Rev_00.pdf
T06,9,T06-INV09,3,T06-INV09-S03,28,21,588,423.36,3x150,273,7644,5503.68,1,AHP-PL-EL-PDF-PSW-06 PV System Wiring Diagram T06 Rev_00.pdf
T06,9,T06-INV09,4,T06-INV09-S04,28,21,588,423.36,3x150,273,7644,5503.68,1,AHP-PL-EL-PDF-PSW-06 PV System Wiring Diagram T06 Rev_00.pdf
T06,9,T06-INV09,5,T06-INV09-S05,28,21,588,423.36,3x150,273,7644,5503.68,1,AHP-PL-EL-PDF-PSW-06 PV System Wiring Diagram T06 Rev_00.pdf
T06,9,T06-INV09,6,T06-INV09-S06,28,21,588,423.36,3x150,273,7644,5503.68,1,AHP-PL-EL-PDF-PSW-06 PV System Wiring Diagram T06 Rev_00.pdf
T06,9,T06-INV09,7,T06-INV09-S07,28,21,588,423.36,3x150,273,7644,5503.68,1,AHP-PL-EL-PDF-PSW-06 PV System Wiring Diagram T06 Rev_00.pdf
T06,9,T06-INV09,8,T06-INV09-S08,28,21,588,423.36,3x150,273,7644,5503.68,1,AHP-PL-EL-PDF-PSW-06 PV System Wiring Diagram T06 Rev_00.pdf
T06,9,T06-INV09,9,T06-INV09-S09,28,21,588,423.36,3x150,273,7644,5503.68,1,AHP-PL-EL-PDF-PSW-06 PV System Wiring Diagram T06 Rev_00.pdf
T06,9,T06-INV09,10,T06-INV09-S10,28,21,588,423.36,3x150,273,7644,5503.68,1,AHP-PL-EL-PDF-PSW-06 PV System Wiring Diagram T06 Rev_00.pdf
T06,9,T06-INV09,11,T06-INV09-S11,28,21,588,423.36,3x150,273,7644,5503.68,1,AHP-PL-EL-PDF-PSW-06 PV System Wiring Diagram T06 Rev_00.pdf
T06,9,T06-INV09,12,T06-INV09-S12,28,21,588,423.36,3x150,273,7644,5503.68,1,AHP-PL-EL-PDF-PSW-06 PV System Wiring Diagram T06 Rev_00.pdf
T06,9,T06-INV09,13,T06-INV09-S13,28,21,588,423.36,3x150,273,7644,5503.68,1,AHP-PL-EL-PDF-PSW-06 PV System Wiring Diagram T06 Rev_00.pdf
T06,9,T06-INV09,14,T06-INV09-S14,28,21,588,423.36,3x150,273,7644,5503.68,1,AHP-PL-EL-PDF-PSW-06 PV System Wiring Diagram T06 Rev_00.pdf
T06,9,T06-INV09,15,T06-INV09-S15,28,21,588,423.36,3x150,273,7644,5503.68,1,AHP-PL-EL-PDF-PSW-06 PV System Wiring Diagram T06 Rev_00.pdf
T06,9,T06-INV09,16,T06-INV09-S16,28,21,588,423.36,3x150,273,7644,5503.68,1,AHP-PL-EL-PDF-PSW-06 PV System Wiring Diagram T06 Rev_00.pdf
T06,9,T06-INV09,17,T06-INV09-S17,28,21,588,423.36,3x150,273,7644,5503.68,1,AHP-PL-EL-PDF-PSW-06 PV System Wiring Diagram T06 Rev_00.pdf
T06,9,T06-INV09,18,T06-INV09-S18,28,21,588,423.36,3x150,273,7644,5503.68,1,AHP-PL-EL-PDF-PSW-06 PV System Wiring Diagram T06 Rev_00.pdf
T06,9,T06-INV09,19,T06-INV09-S19,28,21,588,423.36,3x150,273,7644,5503.68,1,AHP-PL-EL-PDF-PSW-06 PV System Wiring Diagram T06 Rev_00.pdf
T06,9,T06-INV09,20,T06-INV09-S20,28,21,588,423.36,3x150,273,7644,5503.68,1,AHP-PL-EL-PDF-PSW-06 PV System Wiring Diagram T06 Rev_00.pdf
T06,9,T06-INV09,21,T06-INV09-S21,28,21,588,423.36,3x150,273,7644,5503.68,1,AHP-PL-EL-PDF-PSW-06 PV System Wiring Diagram T06 Rev_00.pdf
T06,10,T06-INV10,1,T06-INV10-S01,28,21,588,423.36,3x150,273,7644,5503.68,1,AHP-PL-EL-PDF-PSW-06 PV System Wiring Diagram T06 Rev_00.pdf
T06,10,T06-INV10,2,T06-INV10-S02,28,21,588,423.36,3x150,273,7644,5503.68,1,AHP-PL-EL-PDF-PSW-06 PV System Wiring Diagram T06 Rev_00.pdf
T06,10,T06-INV10,3,T06-INV10-S03,28,21,588,423.36,3x150,273,7644,5503.68,1,AHP-PL-EL-PDF-PSW-06 PV System Wiring Diagram T06 Rev_00.pdf
T06,10,T06-INV10,4,T06-INV10-S04,28,21,588,423.36,3x150,273,7644,5503.68,1,AHP-PL-EL-PDF-PSW-06 PV System Wiring Diagram T06 Rev_00.pdf
T06,10,T06-INV10,5,T06-INV10-S05,28,21,588,423.36,3x150,273,7644,5503.68,1,AHP-PL-EL-PDF-PSW-06 PV System Wiring Diagram T06 Rev_00.pdf
T06,10,T06-INV10,6,T06-INV10-S06,28,21,588,423.36,3x150,273,7644,5503.68,1,AHP-PL-EL-PDF-PSW-06 PV System Wiring Diagram T06 Rev_00.pdf
T06,10,T06-INV10,7,T06-INV10-S07,28,21,588,423.36,3x150,273,7644,5503.68,1,AHP-PL-EL-PDF-PSW-06 PV System Wiring Diagram T06 Rev_00.pdf
T06,10,T06-INV10,8,T06-INV10-S08,28,21,588,423.36,3x150,273,7644,5503.68,1,AHP-PL-EL-PDF-PSW-06 PV System Wiring Diagram T06 Rev_00.pdf
T06,10,T06-INV10,9,T06-INV10-S09,28,21,588,423.36,3x150,273,7644,5503.68,1,AHP-PL-EL-PDF-PSW-06 PV System Wiring Diagram T06 Rev_00.pdf
T06,10,T06-INV10,10,T06-INV10-S10,28,21,588,423.36,3x150,273,7644,5503.68,1,AHP-PL-EL-PDF-PSW-06 PV System Wiring Diagram T06 Rev_00.pdf
T06,10,T06-INV10,11,T06-INV10-S11,28,21,588,423.36,3x150,273,7644,5503.68,1,AHP-PL-EL-PDF-PSW-06 PV System Wiring Diagram T06 Rev_00.pdf
T06,10,T06-INV10,12,T06-INV10-S12,28,21,588,423.36,3x150,273,7644,5503.68,1,AHP-PL-EL-PDF-PSW-06 PV System Wiring Diagram T06 Rev_00.pdf
T06,10,T06-INV10,13,T06-INV10-S13,28,21,588,423.36,3x150,273,7644,5503.68,1,AHP-PL-EL-PDF-PSW-06 PV System Wiring Diagram T06 Rev_00.pdf
T06,10,T06-INV10,14,T06-INV10-S14,28,21,588,423.36,3x150,273,7644,5503.68,1,AHP-PL-EL-PDF-PSW-06 PV System Wiring Diagram T06 Rev_00.pdf
T06,10,T06-INV10,15,T06-INV10-S15,28,21,588,423.36,3x150,273,7644,5503.68,1,AHP-PL-EL-PDF-PSW-06 PV System Wiring Diagram T06 Rev_00.pdf
T06,10,T06-INV10,16,T06-INV10-S16,28,21,588,423.36,3x150,273,7644,5503.68,1,AHP-PL-EL-PDF-PSW-06 PV System Wiring Diagram T06 Rev_00.pdf
T06,10,T06-INV10,17,T06-INV10-S17,28,21,588,423.36,3x150,273,7644,5503.68,1,AHP-PL-EL-PDF-PSW-06 PV System Wiring Diagram T06 Rev_00.pdf
T06,10,T06-INV10,18,T06-INV10-S18,28,21,588,423.36,3x150,273,7644,5503.68,1,AHP-PL-EL-PDF-PSW-06 PV System Wiring Diagram T06 Rev_00.pdf
T06,10,T06-INV10,19,T06-INV10-S19,28,21,588,423.36,3x150,273,7644,5503.68,1,AHP-PL-EL-PDF-PSW-06 PV System Wiring Diagram T06 Rev_00.pdf
T06,10,T06-INV10,20,T06-INV10-S20,28,21,588,423.36,3x150,273,7644,5503.68,1,AHP-PL-EL-PDF-PSW-06 PV System Wiring Diagram T06 Rev_00.pdf
T06,10,T06-INV10,21,T06-INV10-S21,28,21,588,423.36,3x150,273,7644,5503.68,1,AHP-PL-EL-PDF-PSW-06 PV System Wiring Diagram T06 Rev_00.pdf
T06,11,T06-INV11,1,T06-INV11-S01,28,21,588,423.36,3x150,273,7644,5503.68,1,AHP-PL-EL-PDF-PSW-06 PV System Wiring Diagram T06 Rev_00.pdf
T06,11,T06-INV11,2,T06-INV11-S02,28,21,588,423.36,3x150,273,7644,5503.68,1,AHP-PL-EL-PDF-PSW-06 PV System Wiring Diagram T06 Rev_00.pdf
T06,11,T06-INV11,3,T06-INV11-S03,28,21,588,423.36,3x150,273,7644,5503.68,1,AHP-PL-EL-PDF-PSW-06 PV System Wiring Diagram T06 Rev_00.pdf
T06,11,T06-INV11,4,T06-INV11-S04,28,21,588,423.36,3x150,273,7644,5503.68,1,AHP-PL-EL-PDF-PSW-06 PV System Wiring Diagram T06 Rev_00.pdf
T06,11,T06-INV11,5,T06-INV11-S05,28,21,588,423.36,3x150,273,7644,5503.68,1,AHP-PL-EL-PDF-PSW-06 PV System Wiring Diagram T06 Rev_00.pdf
T06,11,T06-INV11,6,T06-INV11-S06,28,21,588,423.36,3x150,273,7644,5503.68,1,AHP-PL-EL-PDF-PSW-06 PV System Wiring Diagram T06 Rev_00.pdf
T06,11,T06-INV11,7,T06-INV11-S07,28,21,588,423.36,3x150,273,7644,5503.68,1,AHP-PL-EL-PDF-PSW-06 PV System Wiring Diagram T06 Rev_00.pdf
T06,11,T06-INV11,8,T06-INV11-S08,28,21,588,423.36,3x150,273,7644,5503.68,1,AHP-PL-EL-PDF-PSW-06 PV System Wiring Diagram T06 Rev_00.pdf
T06,11,T06-INV11,9,T06-INV11-S09,28,21,588,423.36,3x150,273,7644,5503.68,1,AHP-PL-EL-PDF-PSW-06 PV System Wiring Diagram T06 Rev_00.pdf
T06,11,T06-INV11,10,T06-INV11-S10,28,21,588,423.36,3x150,273,7644,5503.68,1,AHP-PL-EL-PDF-PSW-06 PV System Wiring Diagram T06 Rev_00.pdf
T06,11,T06-INV11,11,T06-INV11-S11,28,21,588,423.36,3x150,273,7644,5503.68,1,AHP-PL-EL-PDF-PSW-06 PV System Wiring Diagram T06 Rev_00.pdf
T06,11,T06-INV11,12,T06-INV11-S12,28,21,588,423.36,3x150,273,7644,5503.68,1,AHP-PL-EL-PDF-PSW-06 PV System Wiring Diagram T06 Rev_00.pdf
T06,11,T06-INV11,13,T06-INV11-S13,28,21,588,423.36,3x150,273,7644,5503.68,1,AHP-PL-EL-PDF-PSW-06 PV System Wiring Diagram T06 Rev_00.pdf
T06,11,T06-INV11,14,T06-INV11-S14,28,21,588,423.36,3x150,273,7644,5503.68,1,AHP-PL-EL-PDF-PSW-06 PV System Wiring Diagram T06 Rev_00.pdf
T06,11,T06-INV11,15,T06-INV11-S15,28,21,588,423.36,3x150,273,7644,5503.68,1,AHP-PL-EL-PDF-PSW-06 PV System Wiring Diagram T06 Rev_00.pdf
T06,11,T06-INV11,16,T06-INV11-S16,28,21,588,423.36,3x150,273,7644,5503.68,1,AHP-PL-EL-PDF-PSW-06 PV System Wiring Diagram T06 Rev_00.pdf
T06,11,T06-INV11,17,T06-INV11-S17,28,21,588,423.36,3x150,273,7644,5503.68,1,AHP-PL-EL-PDF-PSW-06 PV System Wiring Diagram T06 Rev_00.pdf
T06,11,T06-INV11,18,T06-INV11-S18,28,21,588,423.36,3x150,273,7644,5503.68,1,AHP-PL-EL-PDF-PSW-06 PV System Wiring Diagram T06 Rev_00.pdf
T06,11,T06-INV11,19,T06-INV11-S19,28,21,588,423.36,3x150,273,7644,5503.68,1,AHP-PL-EL-PDF-PSW-06 PV System Wiring Diagram T06 Rev_00.pdf
T06,11,T06-INV11,20,T06-INV11-S20,28,21,588,423.36,3x150,273,7644,5503.68,1,AHP-PL-EL-PDF-PSW-06 PV System Wiring Diagram T06 Rev_00.pdf
T06,11,T06-INV11,21,T06-INV11-S21,28,21,588,423.36,3x150,273,7644,5503.68,1,AHP-PL-EL-PDF-PSW-06 PV System Wiring Diagram T06 Rev_00.pdf
T06,12,T06-INV12,1,T06-INV12-S01,28,21,588,423.36,3x150,273,7644,5503.68,1,AHP-PL-EL-PDF-PSW-06 PV System Wiring Diagram T06 Rev_00.pdf
T06,12,T06-INV12,2,T06-INV12-S02,28,21,588,423.36,3x150,273,7644,5503.68,1,AHP-PL-EL-PDF-PSW-06 PV System Wiring Diagram T06 Rev_00.pdf
T06,12,T06-INV12,3,T06-INV12-S03,28,21,588,423.36,3x150,273,7644,5503.68,1,AHP-PL-EL-PDF-PSW-06 PV System Wiring Diagram T06 Rev_00.pdf
T06,12,T06-INV12,4,T06-INV12-S04,28,21,588,423.36,3x150,273,7644,5503.68,1,AHP-PL-EL-PDF-PSW-06 PV System Wiring Diagram T06 Rev_00.pdf
T06,12,T06-INV12,5,T06-INV12-S05,28,21,588,423.36,3x150,273,7644,5503.68,1,AHP-PL-EL-PDF-PSW-06 PV System Wiring Diagram T06 Rev_00.pdf
T06,12,T06-INV12,6,T06-INV12-S06,28,21,588,423.36,3x150,273,7644,5503.68,1,AHP-PL-EL-PDF-PSW-06 PV System Wiring Diagram T06 Rev_00.pdf
T06,12,T06-INV12,7,T06-INV12-S07,28,21,588,423.36,3x150,273,7644,5503.68,1,AHP-PL-EL-PDF-PSW-06 PV System Wiring Diagram T06 Rev_00.pdf
T06,12,T06-INV12,8,T06-INV12-S08,28,21,588,423.36,3x150,273,7644,5503.68,1,AHP-PL-EL-PDF-PSW-06 PV System Wiring Diagram T06 Rev_00.pdf
T06,12,T06-INV12,9,T06-INV12-S09,28,21,588,423.36,3x150,273,7644,5503.68,1,AHP-PL-EL-PDF-PSW-06 PV System Wiring Diagram T06 Rev_00.pdf
T06,12,T06-INV12,10,T06-INV12-S10,28,21,588,423.36,3x150,273,7644,5503.68,1,AHP-PL-EL-PDF-PSW-06 PV System Wiring Diagram T06 Rev_00.pdf
T06,12,T06-INV12,11,T06-INV12-S11,28,21,588,423.36,3x150,273,7644,5503.68,1,AHP-PL-EL-PDF-PSW-06 PV System Wiring Diagram T06 Rev_00.pdf
T06,12,T06-INV12,12,T06-INV12-S12,28,21,588,423.36,3x150,273,7644,5503.68,1,AHP-PL-EL-PDF-PSW-06 PV System Wiring Diagram T06 Rev_00.pdf
T06,12,T06-INV12,13,T06-INV12-S13,28,21,588,423.36,3x150,273,7644,5503.68,1,AHP-PL-EL-PDF-PSW-06 PV System Wiring Diagram T06 Rev_00.pdf
T06,12,T06-INV12,14,T06-INV12-S14,28,21,588,423.36,3x150,273,7644,5503.68,1,AHP-PL-EL-PDF-PSW-06 PV System Wiring Diagram T06 Rev_00.pdf
T06,12,T06-INV12,15,T06-INV12-S15,28,21,588,423.36,3x150,273,7644,5503.68,1,AHP-PL-EL-PDF-PSW-06 PV System Wiring Diagram T06 Rev_00.pdf
T06,12,T06-INV12,16,T06-INV12-S16,28,21,588,423.36,3x150,273,7644,5503.68,1,AHP-PL-EL-PDF-PSW-06 PV System Wiring Diagram T06 Rev_00.pdf
T06,12,T06-INV12,17,T06-INV12-S17,28,21,588,423.36,3x150,273,7644,5503.68,1,AHP-PL-EL-PDF-PSW-06 PV System Wiring Diagram T06 Rev_00.pdf
T06,12,T06-INV12,18,T06-INV12-S18,28,21,588,423.36,3x150,273,7644,5503.68,1,AHP-PL-EL-PDF-PSW-06 PV System Wiring Diagram T06 Rev_00.pdf
T06,12,T06-INV12,19,T06-INV12-S19,28,21,588,423.36,3x150,273,7644,5503.68,1,AHP-PL-EL-PDF-PSW-06 PV System Wiring Diagram T06 Rev_00.pdf
T06,12,T06-INV12,20,T06-INV12-S20,28,21,588,423.36,3x150,273,7644,5503.68,1,AHP-PL-EL-PDF-PSW-06 PV System Wiring Diagram T06 Rev_00.pdf
T06,12,T06-INV12,21,T06-INV12-S21,28,21,588,423.36,3x150,273,7644,5503.68,1,AHP-PL-EL-PDF-PSW-06 PV System Wiring Diagram T06 Rev_00.pdf
T06,13,T06-INV13,1,T06-INV13-S01,28,21,588,423.36,3x150,273,7644,5503.68,1,AHP-PL-EL-PDF-PSW-06 PV System Wiring Diagram T06 Rev_00.pdf
T06,13,T06-INV13,2,T06-INV13-S02,28,21,588,423.36,3x150,273,7644,5503.68,1,AHP-PL-EL-PDF-PSW-06 PV System Wiring Diagram T06 Rev_00.pdf
T06,13,T06-INV13,3,T06-INV13-S03,28,21,588,423.36,3x150,273,7644,5503.68,1,AHP-PL-EL-PDF-PSW-06 PV System Wiring Diagram T06 Rev_00.pdf
T06,13,T06-INV13,4,T06-INV13-S04,28,21,588,423.36,3x150,273,7644,5503.68,1,AHP-PL-EL-PDF-PSW-06 PV System Wiring Diagram T06 Rev_00.pdf
T06,13,T06-INV13,5,T06-INV13-S05,28,21,588,423.36,3x150,273,7644,5503.68,1,AHP-PL-EL-PDF-PSW-06 PV System Wiring Diagram T06 Rev_00.pdf
T06,13,T06-INV13,6,T06-INV13-S06,28,21,588,423.36,3x150,273,7644,5503.68,1,AHP-PL-EL-PDF-PSW-06 PV System Wiring Diagram T06 Rev_00.pdf
T06,13,T06-INV13,7,T06-INV13-S07,28,21,588,423.36,3x150,273,7644,5503.68,1,AHP-PL-EL-PDF-PSW-06 PV System Wiring Diagram T06 Rev_00.pdf
T06,13,T06-INV13,8,T06-INV13-S08,28,21,588,423.36,3x150,273,7644,5503.68,1,AHP-PL-EL-PDF-PSW-06 PV System Wiring Diagram T06 Rev_00.pdf
T06,13,T06-INV13,9,T06-INV13-S09,28,21,588,423.36,3x150,273,7644,5503.68,1,AHP-PL-EL-PDF-PSW-06 PV System Wiring Diagram T06 Rev_00.pdf
T06,13,T06-INV13,10,T06-INV13-S10,28,21,588,423.36,3x150,273,7644,5503.68,1,AHP-PL-EL-PDF-PSW-06 PV System Wiring Diagram T06 Rev_00.pdf
T06,13,T06-INV13,11,T06-INV13-S11,28,21,588,423.36,3x150,273,7644,5503.68,1,AHP-PL-EL-PDF-PSW-06 PV System Wiring Diagram T06 Rev_00.pdf
T06,13,T06-INV13,12,T06-INV13-S12,28,21,588,423.36,3x150,273,7644,5503.68,1,AHP-PL-EL-PDF-PSW-06 PV System Wiring Diagram T06 Rev_00.pdf
T06,13,T06-INV13,13,T06-INV13-S13,28,21,588,423.36,3x150,273,7644,5503.68,1,AHP-PL-EL-PDF-PSW-06 PV System Wiring Diagram T06 Rev_00.pdf
T06,13,T06-INV13,14,T06-INV13-S14,28,21,588,423.36,3x150,273,7644,5503.68,1,AHP-PL-EL-PDF-PSW-06 PV System Wiring Diagram T06 Rev_00.pdf
T06,13,T06-INV13,15,T06-INV13-S15,28,21,588,423.36,3x150,273,7644,5503.68,1,AHP-PL-EL-PDF-PSW-06 PV System Wiring Diagram T06 Rev_00.pdf
T06,13,T06-INV13,16,T06-INV13-S16,28,21,588,423.36,3x150,273,7644,5503.68,1,AHP-PL-EL-PDF-PSW-06 PV System Wiring Diagram T06 Rev_00.pdf
T06,13,T06-INV13,17,T06-INV13-S17,28,21,588,423.36,3x150,273,7644,5503.68,1,AHP-PL-EL-PDF-PSW-06 PV System Wiring Diagram T06 Rev_00.pdf
T06,13,T06-INV13,18,T06-INV13-S18,28,21,588,423.36,3x150,273,7644,5503.68,1,AHP-PL-EL-PDF-PSW-06 PV System Wiring Diagram T06 Rev_00.pdf
T06,13,T06-INV13,19,T06-INV13-S19,28,21,588,423.36,3x150,273,7644,5503.68,1,AHP-PL-EL-PDF-PSW-06 PV System Wiring Diagram T06 Rev_00.pdf
T06,13,T06-INV13,20,T06-INV13-S20,28,21,588,423.36,3x150,273,7644,5503.68,1,AHP-PL-EL-PDF-PSW-06 PV System Wiring Diagram T06 Rev_00.pdf
T06,13,T06-INV13,21,T06-INV13-S21,28,21,588,423.36,3x150,273,7644,5503.68,1,AHP-PL-EL-PDF-PSW-06 PV System Wiring Diagram T06 Rev_00.pdf
T07,1,T07-INV01,1,T07-INV01-S01,28,21,588,423.36,3x150,271,7588,5463.36,1,AHP-PL-EL-PDF-PSW-07 PV System Wiring Diagram T07 Rev_00.pdf
T07,1,T07-INV01,2,T07-INV01-S02,28,21,588,423.36,3x150,271,7588,5463.36,1,AHP-PL-EL-PDF-PSW-07 PV System Wiring Diagram T07 Rev_00.pdf
T07,1,T07-INV01,3,T07-INV01-S03,28,21,588,423.36,3x150,271,7588,5463.36,1,AHP-PL-EL-PDF-PSW-07 PV System Wiring Diagram T07 Rev_00.pdf
T07,1,T07-INV01,4,T07-INV01-S04,28,21,588,423.36,3x150,271,7588,5463.36,1,AHP-PL-EL-PDF-PSW-07 PV System Wiring Diagram T07 Rev_00.pdf
T07,1,T07-INV01,5,T07-INV01-S05,28,21,588,423.36,3x150,271,7588,5463.36,1,AHP-PL-EL-PDF-PSW-07 PV System Wiring Diagram T07 Rev_00.pdf
T07,1,T07-INV01,6,T07-INV01-S06,28,21,588,423.36,3x150,271,7588,5463.36,1,AHP-PL-EL-PDF-PSW-07 PV System Wiring Diagram T07 Rev_00.pdf
T07,1,T07-INV01,7,T07-INV01-S07,28,21,588,423.36,3x150,271,7588,5463.36,1,AHP-PL-EL-PDF-PSW-07 PV System Wiring Diagram T07 Rev_00.pdf
T07,1,T07-INV01,8,T07-INV01-S08,28,21,588,423.36,3x150,271,7588,5463.36,1,AHP-PL-EL-PDF-PSW-07 PV System Wiring Diagram T07 Rev_00.pdf
T07,1,T07-INV01,9,T07-INV01-S09,28,21,588,423.36,3x150,271,7588,5463.36,1,AHP-PL-EL-PDF-PSW-07 PV System Wiring Diagram T07 Rev_00.pdf
T07,1,T07-INV01,10,T07-INV01-S10,28,21,588,423.36,3x150,271,7588,5463.36,1,AHP-PL-EL-PDF-PSW-07 PV System Wiring Diagram T07 Rev_00.pdf
T07,1,T07-INV01,11,T07-INV01-S11,28,21,588,423.36,3x150,271,7588,5463.36,1,AHP-PL-EL-PDF-PSW-07 PV System Wiring Diagram T07 Rev_00.pdf
T07,1,T07-INV01,12,T07-INV01-S12,28,21,588,423.36,3x150,271,7588,5463.36,1,AHP-PL-EL-PDF-PSW-07 PV System Wiring Diagram T07 Rev_00.pdf
T07,1,T07-INV01,13,T07-INV01-S13,28,21,588,423.36,3x150,271,7588,5463.36,1,AHP-PL-EL-PDF-PSW-07 PV System Wiring Diagram T07 Rev_00.pdf
T07,1,T07-INV01,14,T07-INV01-S14,28,21,588,423.36,3x150,271,7588,5463.36,1,AHP-PL-EL-PDF-PSW-07 PV System Wiring Diagram T07 Rev_00.pdf
T07,1,T07-INV01,15,T07-INV01-S15,28,21,588,423.36,3x150,271,7588,5463.36,1,AHP-PL-EL-PDF-PSW-07 PV System Wiring Diagram T07 Rev_00.pdf
T07,1,T07-INV01,16,T07-INV01-S16,28,21,588,423.36,3x150,271,7588,5463.36,1,AHP-PL-EL-PDF-PSW-07 PV System Wiring Diagram T07 Rev_00.pdf
T07,1,T07-INV01,17,T07-INV01-S17,28,21,588,423.36,3x150,271,7588,5463.36,1,AHP-PL-EL-PDF-PSW-07 PV System Wiring Diagram T07 Rev_00.pdf
T07,1,T07-INV01,18,T07-INV01-S18,28,21,588,423.36,3x150,271,7588,5463.36,1,AHP-PL-EL-PDF-PSW-07 PV System Wiring Diagram T07 Rev_00.pdf
T07,1,T07-INV01,19,T07-INV01-S19,28,21,588,423.36,3x150,271,7588,5463.36,1,AHP-PL-EL-PDF-PSW-07 PV System Wiring Diagram T07 Rev_00.pdf
T07,1,T07-INV01,20,T07-INV01-S20,28,21,588,423.36,3x150,271,7588,5463.36,1,AHP-PL-EL-PDF-PSW-07 PV System Wiring Diagram T07 Rev_00.pdf
T07,1,T07-INV01,21,T07-INV01-S21,28,21,588,423.36,3x150,271,7588,5463.36,1,AHP-PL-EL-PDF-PSW-07 PV System Wiring Diagram T07 Rev_00.pdf
T07,2,T07-INV02,1,T07-INV02-S01,28,21,588,423.36,3x150,271,7588,5463.36,1,AHP-PL-EL-PDF-PSW-07 PV System Wiring Diagram T07 Rev_00.pdf
T07,2,T07-INV02,2,T07-INV02-S02,28,21,588,423.36,3x150,271,7588,5463.36,1,AHP-PL-EL-PDF-PSW-07 PV System Wiring Diagram T07 Rev_00.pdf
T07,2,T07-INV02,3,T07-INV02-S03,28,21,588,423.36,3x150,271,7588,5463.36,1,AHP-PL-EL-PDF-PSW-07 PV System Wiring Diagram T07 Rev_00.pdf
T07,2,T07-INV02,4,T07-INV02-S04,28,21,588,423.36,3x150,271,7588,5463.36,1,AHP-PL-EL-PDF-PSW-07 PV System Wiring Diagram T07 Rev_00.pdf
T07,2,T07-INV02,5,T07-INV02-S05,28,21,588,423.36,3x150,271,7588,5463.36,1,AHP-PL-EL-PDF-PSW-07 PV System Wiring Diagram T07 Rev_00.pdf
T07,2,T07-INV02,6,T07-INV02-S06,28,21,588,423.36,3x150,271,7588,5463.36,1,AHP-PL-EL-PDF-PSW-07 PV System Wiring Diagram T07 Rev_00.pdf
T07,2,T07-INV02,7,T07-INV02-S07,28,21,588,423.36,3x150,271,7588,5463.36,1,AHP-PL-EL-PDF-PSW-07 PV System Wiring Diagram T07 Rev_00.pdf
T07,2,T07-INV02,8,T07-INV02-S08,28,21,588,423.36,3x150,271,7588,5463.36,1,AHP-PL-EL-PDF-PSW-07 PV System Wiring Diagram T07 Rev_00.pdf
T07,2,T07-INV02,9,T07-INV02-S09,28,21,588,423.36,3x150,271,7588,5463.36,1,AHP-PL-EL-PDF-PSW-07 PV System Wiring Diagram T07 Rev_00.pdf
T07,2,T07-INV02,10,T07-INV02-S10,28,21,588,423.36,3x150,271,7588,5463.36,1,AHP-PL-EL-PDF-PSW-07 PV System Wiring Diagram T07 Rev_00.pdf
T07,2,T07-INV02,11,T07-INV02-S11,28,21,588,423.36,3x150,271,7588,5463.36,1,AHP-PL-EL-PDF-PSW-07 PV System Wiring Diagram T07 Rev_00.pdf
T07,2,T07-INV02,12,T07-INV02-S12,28,21,588,423.36,3x150,271,7588,5463.36,1,AHP-PL-EL-PDF-PSW-07 PV System Wiring Diagram T07 Rev_00.pdf
T07,2,T07-INV02,13,T07-INV02-S13,28,21,588,423.36,3x150,271,7588,5463.36,1,AHP-PL-EL-PDF-PSW-07 PV System Wiring Diagram T07 Rev_00.pdf
T07,2,T07-INV02,14,T07-INV02-S14,28,21,588,423.36,3x150,271,7588,5463.36,1,AHP-PL-EL-PDF-PSW-07 PV System Wiring Diagram T07 Rev_00.pdf
T07,2,T07-INV02,15,T07-INV02-S15,28,21,588,423.36,3x150,271,7588,5463.36,1,AHP-PL-EL-PDF-PSW-07 PV System Wiring Diagram T07 Rev_00.pdf
T07,2,T07-INV02,16,T07-INV02-S16,28,21,588,423.36,3x150,271,7588,5463.36,1,AHP-PL-EL-PDF-PSW-07 PV System Wiring Diagram T07 Rev_00.pdf
T07,2,T07-INV02,17,T07-INV02-S17,28,21,588,423.36,3x150,271,7588,5463.36,1,AHP-PL-EL-PDF-PSW-07 PV System Wiring Diagram T07 Rev_00.pdf
T07,2,T07-INV02,18,T07-INV02-S18,28,21,588,423.36,3x150,271,7588,5463.36,1,AHP-PL-EL-PDF-PSW-07 PV System Wiring Diagram T07 Rev_00.pdf
T07,2,T07-INV02,19,T07-INV02-S19,28,21,588,423.36,3x150,271,7588,5463.36,1,AHP-PL-EL-PDF-PSW-07 PV System Wiring Diagram T07 Rev_00.pdf
T07,2,T07-INV02,20,T07-INV02-S20,28,21,588,423.36,3x150,271,7588,5463.36,1,AHP-PL-EL-PDF-PSW-07 PV System Wiring Diagram T07 Rev_00.pdf
T07,2,T07-INV02,21,T07-INV02-S21,28,21,588,423.36,3x150,271,7588,5463.36,1,AHP-PL-EL-PDF-PSW-07 PV System Wiring Diagram T07 Rev_00.pdf
T07,3,T07-INV03,1,T07-INV03-S01,28,21,588,423.36,3x150,271,7588,5463.36,1,AHP-PL-EL-PDF-PSW-07 PV System Wiring Diagram T07 Rev_00.pdf
T07,3,T07-INV03,2,T07-INV03-S02,28,21,588,423.36,3x150,271,7588,5463.36,1,AHP-PL-EL-PDF-PSW-07 PV System Wiring Diagram T07 Rev_00.pdf
T07,3,T07-INV03,3,T07-INV03-S03,28,21,588,423.36,3x150,271,7588,5463.36,1,AHP-PL-EL-PDF-PSW-07 PV System Wiring Diagram T07 Rev_00.pdf
T07,3,T07-INV03,4,T07-INV03-S04,28,21,588,423.36,3x150,271,7588,5463.36,1,AHP-PL-EL-PDF-PSW-07 PV System Wiring Diagram T07 Rev_00.pdf
T07,3,T07-INV03,5,T07-INV03-S05,28,21,588,423.36,3x150,271,7588,5463.36,1,AHP-PL-EL-PDF-PSW-07 PV System Wiring Diagram T07 Rev_00.pdf
T07,3,T07-INV03,6,T07-INV03-S06,28,21,588,423.36,3x150,271,7588,5463.36,1,AHP-PL-EL-PDF-PSW-07 PV System Wiring Diagram T07 Rev_00.pdf
T07,3,T07-INV03,7,T07-INV03-S07,28,21,588,423.36,3x150,271,7588,5463.36,1,AHP-PL-EL-PDF-PSW-07 PV System Wiring Diagram T07 Rev_00.pdf
T07,3,T07-INV03,8,T07-INV03-S08,28,21,588,423.36,3x150,271,7588,5463.36,1,AHP-PL-EL-PDF-PSW-07 PV System Wiring Diagram T07 Rev_00.pdf
T07,3,T07-INV03,9,T07-INV03-S09,28,21,588,423.36,3x150,271,7588,5463.36,1,AHP-PL-EL-PDF-PSW-07 PV System Wiring Diagram T07 Rev_00.pdf
T07,3,T07-INV03,10,T07-INV03-S10,28,21,588,423.36,3x150,271,7588,5463.36,1,AHP-PL-EL-PDF-PSW-07 PV System Wiring Diagram T07 Rev_00.pdf
T07,3,T07-INV03,11,T07-INV03-S11,28,21,588,423.36,3x150,271,7588,5463.36,1,AHP-PL-EL-PDF-PSW-07 PV System Wiring Diagram T07 Rev_00.pdf
T07,3,T07-INV03,12,T07-INV03-S12,28,21,588,423.36,3x150,271,7588,5463.36,1,AHP-PL-EL-PDF-PSW-07 PV System Wiring Diagram T07 Rev_00.pdf
T07,3,T07-INV03,13,T07-INV03-S13,28,21,588,423.36,3x150,271,7588,5463.36,1,AHP-PL-EL-PDF-PSW-07 PV System Wiring Diagram T07 Rev_00.pdf
T07,3,T07-INV03,14,T07-INV03-S14,28,21,588,423.36,3x150,271,7588,5463.36,1,AHP-PL-EL-PDF-PSW-07 PV System Wiring Diagram T07 Rev_00.pdf
T07,3,T07-INV03,15,T07-INV03-S15,28,21,588,423.36,3x150,271,7588,5463.36,1,AHP-PL-EL-PDF-PSW-07 PV System Wiring Diagram T07 Rev_00.pdf
T07,3,T07-INV03,16,T07-INV03-S16,28,21,588,423.36,3x150,271,7588,5463.36,1,AHP-PL-EL-PDF-PSW-07 PV System Wiring Diagram T07 Rev_00.pdf
T07,3,T07-INV03,17,T07-INV03-S17,28,21,588,423.36,3x150,271,7588,5463.36,1,AHP-PL-EL-PDF-PSW-07 PV System Wiring Diagram T07 Rev_00.pdf
T07,3,T07-INV03,18,T07-INV03-S18,28,21,588,423.36,3x150,271,7588,5463.36,1,AHP-PL-EL-PDF-PSW-07 PV System Wiring Diagram T07 Rev_00.pdf
T07,3,T07-INV03,19,T07-INV03-S19,28,21,588,423.36,3x150,271,7588,5463.36,1,AHP-PL-EL-PDF-PSW-07 PV System Wiring Diagram T07 Rev_00.pdf
T07,3,T07-INV03,20,T07-INV03-S20,28,21,588,423.36,3x150,271,7588,5463.36,1,AHP-PL-EL-PDF-PSW-07 PV System Wiring Diagram T07 Rev_00.pdf
T07,3,T07-INV03,21,T07-INV03-S21,28,21,588,423.36,3x150,271,7588,5463.36,1,AHP-PL-EL-PDF-PSW-07 PV System Wiring Diagram T07 Rev_00.pdf
T07,4,T07-INV04,1,T07-INV04-S01,28,20,560,403.20,3x150,271,7588,5463.36,1,AHP-PL-EL-PDF-PSW-07 PV System Wiring Diagram T07 Rev_00.pdf
T07,4,T07-INV04,2,T07-INV04-S02,28,20,560,403.20,3x150,271,7588,5463.36,1,AHP-PL-EL-PDF-PSW-07 PV System Wiring Diagram T07 Rev_00.pdf
T07,4,T07-INV04,3,T07-INV04-S03,28,20,560,403.20,3x150,271,7588,5463.36,1,AHP-PL-EL-PDF-PSW-07 PV System Wiring Diagram T07 Rev_00.pdf
T07,4,T07-INV04,4,T07-INV04-S04,28,20,560,403.20,3x150,271,7588,5463.36,1,AHP-PL-EL-PDF-PSW-07 PV System Wiring Diagram T07 Rev_00.pdf
T07,4,T07-INV04,5,T07-INV04-S05,28,20,560,403.20,3x150,271,7588,5463.36,1,AHP-PL-EL-PDF-PSW-07 PV System Wiring Diagram T07 Rev_00.pdf
T07,4,T07-INV04,6,T07-INV04-S06,28,20,560,403.20,3x150,271,7588,5463.36,1,AHP-PL-EL-PDF-PSW-07 PV System Wiring Diagram T07 Rev_00.pdf
T07,4,T07-INV04,7,T07-INV04-S07,28,20,560,403.20,3x150,271,7588,5463.36,1,AHP-PL-EL-PDF-PSW-07 PV System Wiring Diagram T07 Rev_00.pdf
T07,4,T07-INV04,8,T07-INV04-S08,28,20,560,403.20,3x150,271,7588,5463.36,1,AHP-PL-EL-PDF-PSW-07 PV System Wiring Diagram T07 Rev_00.pdf
T07,4,T07-INV04,9,T07-INV04-S09,28,20,560,403.20,3x150,271,7588,5463.36,1,AHP-PL-EL-PDF-PSW-07 PV System Wiring Diagram T07 Rev_00.pdf
T07,4,T07-INV04,10,T07-INV04-S10,28,20,560,403.20,3x150,271,7588,5463.36,1,AHP-PL-EL-PDF-PSW-07 PV System Wiring Diagram T07 Rev_00.pdf
T07,4,T07-INV04,11,T07-INV04-S11,28,20,560,403.20,3x150,271,7588,5463.36,1,AHP-PL-EL-PDF-PSW-07 PV System Wiring Diagram T07 Rev_00.pdf
T07,4,T07-INV04,12,T07-INV04-S12,28,20,560,403.20,3x150,271,7588,5463.36,1,AHP-PL-EL-PDF-PSW-07 PV System Wiring Diagram T07 Rev_00.pdf
T07,4,T07-INV04,13,T07-INV04-S13,28,20,560,403.20,3x150,271,7588,5463.36,1,AHP-PL-EL-PDF-PSW-07 PV System Wiring Diagram T07 Rev_00.pdf
T07,4,T07-INV04,14,T07-INV04-S14,28,20,560,403.20,3x150,271,7588,5463.36,1,AHP-PL-EL-PDF-PSW-07 PV System Wiring Diagram T07 Rev_00.pdf
T07,4,T07-INV04,15,T07-INV04-S15,28,20,560,403.20,3x150,271,7588,5463.36,1,AHP-PL-EL-PDF-PSW-07 PV System Wiring Diagram T07 Rev_00.pdf
T07,4,T07-INV04,16,T07-INV04-S16,28,20,560,403.20,3x150,271,7588,5463.36,1,AHP-PL-EL-PDF-PSW-07 PV System Wiring Diagram T07 Rev_00.pdf
T07,4,T07-INV04,17,T07-INV04-S17,28,20,560,403.20,3x150,271,7588,5463.36,1,AHP-PL-EL-PDF-PSW-07 PV System Wiring Diagram T07 Rev_00.pdf
T07,4,T07-INV04,18,T07-INV04-S18,28,20,560,403.20,3x150,271,7588,5463.36,1,AHP-PL-EL-PDF-PSW-07 PV System Wiring Diagram T07 Rev_00.pdf
T07,4,T07-INV04,19,T07-INV04-S19,28,20,560,403.20,3x150,271,7588,5463.36,1,AHP-PL-EL-PDF-PSW-07 PV System Wiring Diagram T07 Rev_00.pdf
T07,4,T07-INV04,20,T07-INV04-S20,28,20,560,403.20,3x150,271,7588,5463.36,1,AHP-PL-EL-PDF-PSW-07 PV System Wiring Diagram T07 Rev_00.pdf
T07,5,T07-INV05,1,T07-INV05-S01,28,20,560,403.20,3x150,271,7588,5463.36,1,AHP-PL-EL-PDF-PSW-07 PV System Wiring Diagram T07 Rev_00.pdf
T07,5,T07-INV05,2,T07-INV05-S02,28,20,560,403.20,3x150,271,7588,5463.36,1,AHP-PL-EL-PDF-PSW-07 PV System Wiring Diagram T07 Rev_00.pdf
T07,5,T07-INV05,3,T07-INV05-S03,28,20,560,403.20,3x150,271,7588,5463.36,1,AHP-PL-EL-PDF-PSW-07 PV System Wiring Diagram T07 Rev_00.pdf
T07,5,T07-INV05,4,T07-INV05-S04,28,20,560,403.20,3x150,271,7588,5463.36,1,AHP-PL-EL-PDF-PSW-07 PV System Wiring Diagram T07 Rev_00.pdf
T07,5,T07-INV05,5,T07-INV05-S05,28,20,560,403.20,3x150,271,7588,5463.36,1,AHP-PL-EL-PDF-PSW-07 PV System Wiring Diagram T07 Rev_00.pdf
T07,5,T07-INV05,6,T07-INV05-S06,28,20,560,403.20,3x150,271,7588,5463.36,1,AHP-PL-EL-PDF-PSW-07 PV System Wiring Diagram T07 Rev_00.pdf
T07,5,T07-INV05,7,T07-INV05-S07,28,20,560,403.20,3x150,271,7588,5463.36,1,AHP-PL-EL-PDF-PSW-07 PV System Wiring Diagram T07 Rev_00.pdf
T07,5,T07-INV05,8,T07-INV05-S08,28,20,560,403.20,3x150,271,7588,5463.36,1,AHP-PL-EL-PDF-PSW-07 PV System Wiring Diagram T07 Rev_00.pdf
T07,5,T07-INV05,9,T07-INV05-S09,28,20,560,403.20,3x150,271,7588,5463.36,1,AHP-PL-EL-PDF-PSW-07 PV System Wiring Diagram T07 Rev_00.pdf
T07,5,T07-INV05,10,T07-INV05-S10,28,20,560,403.20,3x150,271,7588,5463.36,1,AHP-PL-EL-PDF-PSW-07 PV System Wiring Diagram T07 Rev_00.pdf
T07,5,T07-INV05,11,T07-INV05-S11,28,20,560,403.20,3x150,271,7588,5463.36,1,AHP-PL-EL-PDF-PSW-07 PV System Wiring Diagram T07 Rev_00.pdf
T07,5,T07-INV05,12,T07-INV05-S12,28,20,560,403.20,3x150,271,7588,5463.36,1,AHP-PL-EL-PDF-PSW-07 PV System Wiring Diagram T07 Rev_00.pdf
T07,5,T07-INV05,13,T07-INV05-S13,28,20,560,403.20,3x150,271,7588,5463.36,1,AHP-PL-EL-PDF-PSW-07 PV System Wiring Diagram T07 Rev_00.pdf
T07,5,T07-INV05,14,T07-INV05-S14,28,20,560,403.20,3x150,271,7588,5463.36,1,AHP-PL-EL-PDF-PSW-07 PV System Wiring Diagram T07 Rev_00.pdf
T07,5,T07-INV05,15,T07-INV05-S15,28,20,560,403.20,3x150,271,7588,5463.36,1,AHP-PL-EL-PDF-PSW-07 PV System Wiring Diagram T07 Rev_00.pdf
T07,5,T07-INV05,16,T07-INV05-S16,28,20,560,403.20,3x150,271,7588,5463.36,1,AHP-PL-EL-PDF-PSW-07 PV System Wiring Diagram T07 Rev_00.pdf
T07,5,T07-INV05,17,T07-INV05-S17,28,20,560,403.20,3x150,271,7588,5463.36,1,AHP-PL-EL-PDF-PSW-07 PV System Wiring Diagram T07 Rev_00.pdf
T07,5,T07-INV05,18,T07-INV05-S18,28,20,560,403.20,3x150,271,7588,5463.36,1,AHP-PL-EL-PDF-PSW-07 PV System Wiring Diagram T07 Rev_00.pdf
T07,5,T07-INV05,19,T07-INV05-S19,28,20,560,403.20,3x150,271,7588,5463.36,1,AHP-PL-EL-PDF-PSW-07 PV System Wiring Diagram T07 Rev_00.pdf
T07,5,T07-INV05,20,T07-INV05-S20,28,20,560,403.20,3x150,271,7588,5463.36,1,AHP-PL-EL-PDF-PSW-07 PV System Wiring Diagram T07 Rev_00.pdf
T07,6,T07-INV06,1,T07-INV06-S01,28,21,588,423.36,3x150,271,7588,5463.36,1,AHP-PL-EL-PDF-PSW-07 PV System Wiring Diagram T07 Rev_00.pdf
T07,6,T07-INV06,2,T07-INV06-S02,28,21,588,423.36,3x150,271,7588,5463.36,1,AHP-PL-EL-PDF-PSW-07 PV System Wiring Diagram T07 Rev_00.pdf
T07,6,T07-INV06,3,T07-INV06-S03,28,21,588,423.36,3x150,271,7588,5463.36,1,AHP-PL-EL-PDF-PSW-07 PV System Wiring Diagram T07 Rev_00.pdf
T07,6,T07-INV06,4,T07-INV06-S04,28,21,588,423.36,3x150,271,7588,5463.36,1,AHP-PL-EL-PDF-PSW-07 PV System Wiring Diagram T07 Rev_00.pdf
T07,6,T07-INV06,5,T07-INV06-S05,28,21,588,423.36,3x150,271,7588,5463.36,1,AHP-PL-EL-PDF-PSW-07 PV System Wiring Diagram T07 Rev_00.pdf
T07,6,T07-INV06,6,T07-INV06-S06,28,21,588,423.36,3x150,271,7588,5463.36,1,AHP-PL-EL-PDF-PSW-07 PV System Wiring Diagram T07 Rev_00.pdf
T07,6,T07-INV06,7,T07-INV06-S07,28,21,588,423.36,3x150,271,7588,5463.36,1,AHP-PL-EL-PDF-PSW-07 PV System Wiring Diagram T07 Rev_00.pdf
T07,6,T07-INV06,8,T07-INV06-S08,28,21,588,423.36,3x150,271,7588,5463.36,1,AHP-PL-EL-PDF-PSW-07 PV System Wiring Diagram T07 Rev_00.pdf
T07,6,T07-INV06,9,T07-INV06-S09,28,21,588,423.36,3x150,271,7588,5463.36,1,AHP-PL-EL-PDF-PSW-07 PV System Wiring Diagram T07 Rev_00.pdf
T07,6,T07-INV06,10,T07-INV06-S10,28,21,588,423.36,3x150,271,7588,5463.36,1,AHP-PL-EL-PDF-PSW-07 PV System Wiring Diagram T07 Rev_00.pdf
T07,6,T07-INV06,11,T07-INV06-S11,28,21,588,423.36,3x150,271,7588,5463.36,1,AHP-PL-EL-PDF-PSW-07 PV System Wiring Diagram T07 Rev_00.pdf
T07,6,T07-INV06,12,T07-INV06-S12,28,21,588,423.36,3x150,271,7588,5463.36,1,AHP-PL-EL-PDF-PSW-07 PV System Wiring Diagram T07 Rev_00.pdf
T07,6,T07-INV06,13,T07-INV06-S13,28,21,588,423.36,3x150,271,7588,5463.36,1,AHP-PL-EL-PDF-PSW-07 PV System Wiring Diagram T07 Rev_00.pdf
T07,6,T07-INV06,14,T07-INV06-S14,28,21,588,423.36,3x150,271,7588,5463.36,1,AHP-PL-EL-PDF-PSW-07 PV System Wiring Diagram T07 Rev_00.pdf
T07,6,T07-INV06,15,T07-INV06-S15,28,21,588,423.36,3x150,271,7588,5463.36,1,AHP-PL-EL-PDF-PSW-07 PV System Wiring Diagram T07 Rev_00.pdf
T07,6,T07-INV06,16,T07-INV06-S16,28,21,588,423.36,3x150,271,7588,5463.36,1,AHP-PL-EL-PDF-PSW-07 PV System Wiring Diagram T07 Rev_00.pdf
T07,6,T07-INV06,17,T07-INV06-S17,28,21,588,423.36,3x150,271,7588,5463.36,1,AHP-PL-EL-PDF-PSW-07 PV System Wiring Diagram T07 Rev_00.pdf
T07,6,T07-INV06,18,T07-INV06-S18,28,21,588,423.36,3x150,271,7588,5463.36,1,AHP-PL-EL-PDF-PSW-07 PV System Wiring Diagram T07 Rev_00.pdf
T07,6,T07-INV06,19,T07-INV06-S19,28,21,588,423.36,3x150,271,7588,5463.36,1,AHP-PL-EL-PDF-PSW-07 PV System Wiring Diagram T07 Rev_00.pdf
T07,6,T07-INV06,20,T07-INV06-S20,28,21,588,423.36,3x150,271,7588,5463.36,1,AHP-PL-EL-PDF-PSW-07 PV System Wiring Diagram T07 Rev_00.pdf
T07,6,T07-INV06,21,T07-INV06-S21,28,21,588,423.36,3x150,271,7588,5463.36,1,AHP-PL-EL-PDF-PSW-07 PV System Wiring Diagram T07 Rev_00.pdf
T07,7,T07-INV07,1,T07-INV07-S01,28,21,588,423.36,3x150,271,7588,5463.36,1,AHP-PL-EL-PDF-PSW-07 PV System Wiring Diagram T07 Rev_00.pdf
T07,7,T07-INV07,2,T07-INV07-S02,28,21,588,423.36,3x150,271,7588,5463.36,1,AHP-PL-EL-PDF-PSW-07 PV System Wiring Diagram T07 Rev_00.pdf
T07,7,T07-INV07,3,T07-INV07-S03,28,21,588,423.36,3x150,271,7588,5463.36,1,AHP-PL-EL-PDF-PSW-07 PV System Wiring Diagram T07 Rev_00.pdf
T07,7,T07-INV07,4,T07-INV07-S04,28,21,588,423.36,3x150,271,7588,5463.36,1,AHP-PL-EL-PDF-PSW-07 PV System Wiring Diagram T07 Rev_00.pdf
T07,7,T07-INV07,5,T07-INV07-S05,28,21,588,423.36,3x150,271,7588,5463.36,1,AHP-PL-EL-PDF-PSW-07 PV System Wiring Diagram T07 Rev_00.pdf
T07,7,T07-INV07,6,T07-INV07-S06,28,21,588,423.36,3x150,271,7588,5463.36,1,AHP-PL-EL-PDF-PSW-07 PV System Wiring Diagram T07 Rev_00.pdf
T07,7,T07-INV07,7,T07-INV07-S07,28,21,588,423.36,3x150,271,7588,5463.36,1,AHP-PL-EL-PDF-PSW-07 PV System Wiring Diagram T07 Rev_00.pdf
T07,7,T07-INV07,8,T07-INV07-S08,28,21,588,423.36,3x150,271,7588,5463.36,1,AHP-PL-EL-PDF-PSW-07 PV System Wiring Diagram T07 Rev_00.pdf
T07,7,T07-INV07,9,T07-INV07-S09,28,21,588,423.36,3x150,271,7588,5463.36,1,AHP-PL-EL-PDF-PSW-07 PV System Wiring Diagram T07 Rev_00.pdf
T07,7,T07-INV07,10,T07-INV07-S10,28,21,588,423.36,3x150,271,7588,5463.36,1,AHP-PL-EL-PDF-PSW-07 PV System Wiring Diagram T07 Rev_00.pdf
T07,7,T07-INV07,11,T07-INV07-S11,28,21,588,423.36,3x150,271,7588,5463.36,1,AHP-PL-EL-PDF-PSW-07 PV System Wiring Diagram T07 Rev_00.pdf
T07,7,T07-INV07,12,T07-INV07-S12,28,21,588,423.36,3x150,271,7588,5463.36,1,AHP-PL-EL-PDF-PSW-07 PV System Wiring Diagram T07 Rev_00.pdf
T07,7,T07-INV07,13,T07-INV07-S13,28,21,588,423.36,3x150,271,7588,5463.36,1,AHP-PL-EL-PDF-PSW-07 PV System Wiring Diagram T07 Rev_00.pdf
T07,7,T07-INV07,14,T07-INV07-S14,28,21,588,423.36,3x150,271,7588,5463.36,1,AHP-PL-EL-PDF-PSW-07 PV System Wiring Diagram T07 Rev_00.pdf
T07,7,T07-INV07,15,T07-INV07-S15,28,21,588,423.36,3x150,271,7588,5463.36,1,AHP-PL-EL-PDF-PSW-07 PV System Wiring Diagram T07 Rev_00.pdf
T07,7,T07-INV07,16,T07-INV07-S16,28,21,588,423.36,3x150,271,7588,5463.36,1,AHP-PL-EL-PDF-PSW-07 PV System Wiring Diagram T07 Rev_00.pdf
T07,7,T07-INV07,17,T07-INV07-S17,28,21,588,423.36,3x150,271,7588,5463.36,1,AHP-PL-EL-PDF-PSW-07 PV System Wiring Diagram T07 Rev_00.pdf
T07,7,T07-INV07,18,T07-INV07-S18,28,21,588,423.36,3x150,271,7588,5463.36,1,AHP-PL-EL-PDF-PSW-07 PV System Wiring Diagram T07 Rev_00.pdf
T07,7,T07-INV07,19,T07-INV07-S19,28,21,588,423.36,3x150,271,7588,5463.36,1,AHP-PL-EL-PDF-PSW-07 PV System Wiring Diagram T07 Rev_00.pdf
T07,7,T07-INV07,20,T07-INV07-S20,28,21,588,423.36,3x150,271,7588,5463.36,1,AHP-PL-EL-PDF-PSW-07 PV System Wiring Diagram T07 Rev_00.pdf
T07,7,T07-INV07,21,T07-INV07-S21,28,21,588,423.36,3x150,271,7588,5463.36,1,AHP-PL-EL-PDF-PSW-07 PV System Wiring Diagram T07 Rev_00.pdf
T07,8,T07-INV08,1,T07-INV08-S01,28,21,588,423.36,3x150,271,7588,5463.36,1,AHP-PL-EL-PDF-PSW-07 PV System Wiring Diagram T07 Rev_00.pdf
T07,8,T07-INV08,2,T07-INV08-S02,28,21,588,423.36,3x150,271,7588,5463.36,1,AHP-PL-EL-PDF-PSW-07 PV System Wiring Diagram T07 Rev_00.pdf
T07,8,T07-INV08,3,T07-INV08-S03,28,21,588,423.36,3x150,271,7588,5463.36,1,AHP-PL-EL-PDF-PSW-07 PV System Wiring Diagram T07 Rev_00.pdf
T07,8,T07-INV08,4,T07-INV08-S04,28,21,588,423.36,3x150,271,7588,5463.36,1,AHP-PL-EL-PDF-PSW-07 PV System Wiring Diagram T07 Rev_00.pdf
T07,8,T07-INV08,5,T07-INV08-S05,28,21,588,423.36,3x150,271,7588,5463.36,1,AHP-PL-EL-PDF-PSW-07 PV System Wiring Diagram T07 Rev_00.pdf
T07,8,T07-INV08,6,T07-INV08-S06,28,21,588,423.36,3x150,271,7588,5463.36,1,AHP-PL-EL-PDF-PSW-07 PV System Wiring Diagram T07 Rev_00.pdf
T07,8,T07-INV08,7,T07-INV08-S07,28,21,588,423.36,3x150,271,7588,5463.36,1,AHP-PL-EL-PDF-PSW-07 PV System Wiring Diagram T07 Rev_00.pdf
T07,8,T07-INV08,8,T07-INV08-S08,28,21,588,423.36,3x150,271,7588,5463.36,1,AHP-PL-EL-PDF-PSW-07 PV System Wiring Diagram T07 Rev_00.pdf
T07,8,T07-INV08,9,T07-INV08-S09,28,21,588,423.36,3x150,271,7588,5463.36,1,AHP-PL-EL-PDF-PSW-07 PV System Wiring Diagram T07 Rev_00.pdf
T07,8,T07-INV08,10,T07-INV08-S10,28,21,588,423.36,3x150,271,7588,5463.36,1,AHP-PL-EL-PDF-PSW-07 PV System Wiring Diagram T07 Rev_00.pdf
T07,8,T07-INV08,11,T07-INV08-S11,28,21,588,423.36,3x150,271,7588,5463.36,1,AHP-PL-EL-PDF-PSW-07 PV System Wiring Diagram T07 Rev_00.pdf
T07,8,T07-INV08,12,T07-INV08-S12,28,21,588,423.36,3x150,271,7588,5463.36,1,AHP-PL-EL-PDF-PSW-07 PV System Wiring Diagram T07 Rev_00.pdf
T07,8,T07-INV08,13,T07-INV08-S13,28,21,588,423.36,3x150,271,7588,5463.36,1,AHP-PL-EL-PDF-PSW-07 PV System Wiring Diagram T07 Rev_00.pdf
T07,8,T07-INV08,14,T07-INV08-S14,28,21,588,423.36,3x150,271,7588,5463.36,1,AHP-PL-EL-PDF-PSW-07 PV System Wiring Diagram T07 Rev_00.pdf
T07,8,T07-INV08,15,T07-INV08-S15,28,21,588,423.36,3x150,271,7588,5463.36,1,AHP-PL-EL-PDF-PSW-07 PV System Wiring Diagram T07 Rev_00.pdf
T07,8,T07-INV08,16,T07-INV08-S16,28,21,588,423.36,3x150,271,7588,5463.36,1,AHP-PL-EL-PDF-PSW-07 PV System Wiring Diagram T07 Rev_00.pdf
T07,8,T07-INV08,17,T07-INV08-S17,28,21,588,423.36,3x150,271,7588,5463.36,1,AHP-PL-EL-PDF-PSW-07 PV System Wiring Diagram T07 Rev_00.pdf
T07,8,T07-INV08,18,T07-INV08-S18,28,21,588,423.36,3x150,271,7588,5463.36,1,AHP-PL-EL-PDF-PSW-07 PV System Wiring Diagram T07 Rev_00.pdf
T07,8,T07-INV08,19,T07-INV08-S19,28,21,588,423.36,3x150,271,7588,5463.36,1,AHP-PL-EL-PDF-PSW-07 PV System Wiring Diagram T07 Rev_00.pdf
T07,8,T07-INV08,20,T07-INV08-S20,28,21,588,423.36,3x150,271,7588,5463.36,1,AHP-PL-EL-PDF-PSW-07 PV System Wiring Diagram T07 Rev_00.pdf
T07,8,T07-INV08,21,T07-INV08-S21,28,21,588,423.36,3x150,271,7588,5463.36,1,AHP-PL-EL-PDF-PSW-07 PV System Wiring Diagram T07 Rev_00.pdf
T07,9,T07-INV09,1,T07-INV09-S01,28,21,588,423.36,3x150,271,7588,5463.36,1,AHP-PL-EL-PDF-PSW-07 PV System Wiring Diagram T07 Rev_00.pdf
T07,9,T07-INV09,2,T07-INV09-S02,28,21,588,423.36,3x150,271,7588,5463.36,1,AHP-PL-EL-PDF-PSW-07 PV System Wiring Diagram T07 Rev_00.pdf
T07,9,T07-INV09,3,T07-INV09-S03,28,21,588,423.36,3x150,271,7588,5463.36,1,AHP-PL-EL-PDF-PSW-07 PV System Wiring Diagram T07 Rev_00.pdf
T07,9,T07-INV09,4,T07-INV09-S04,28,21,588,423.36,3x150,271,7588,5463.36,1,AHP-PL-EL-PDF-PSW-07 PV System Wiring Diagram T07 Rev_00.pdf
T07,9,T07-INV09,5,T07-INV09-S05,28,21,588,423.36,3x150,271,7588,5463.36,1,AHP-PL-EL-PDF-PSW-07 PV System Wiring Diagram T07 Rev_00.pdf
T07,9,T07-INV09,6,T07-INV09-S06,28,21,588,423.36,3x150,271,7588,5463.36,1,AHP-PL-EL-PDF-PSW-07 PV System Wiring Diagram T07 Rev_00.pdf
T07,9,T07-INV09,7,T07-INV09-S07,28,21,588,423.36,3x150,271,7588,5463.36,1,AHP-PL-EL-PDF-PSW-07 PV System Wiring Diagram T07 Rev_00.pdf
T07,9,T07-INV09,8,T07-INV09-S08,28,21,588,423.36,3x150,271,7588,5463.36,1,AHP-PL-EL-PDF-PSW-07 PV System Wiring Diagram T07 Rev_00.pdf
T07,9,T07-INV09,9,T07-INV09-S09,28,21,588,423.36,3x150,271,7588,5463.36,1,AHP-PL-EL-PDF-PSW-07 PV System Wiring Diagram T07 Rev_00.pdf
T07,9,T07-INV09,10,T07-INV09-S10,28,21,588,423.36,3x150,271,7588,5463.36,1,AHP-PL-EL-PDF-PSW-07 PV System Wiring Diagram T07 Rev_00.pdf
T07,9,T07-INV09,11,T07-INV09-S11,28,21,588,423.36,3x150,271,7588,5463.36,1,AHP-PL-EL-PDF-PSW-07 PV System Wiring Diagram T07 Rev_00.pdf
T07,9,T07-INV09,12,T07-INV09-S12,28,21,588,423.36,3x150,271,7588,5463.36,1,AHP-PL-EL-PDF-PSW-07 PV System Wiring Diagram T07 Rev_00.pdf
T07,9,T07-INV09,13,T07-INV09-S13,28,21,588,423.36,3x150,271,7588,5463.36,1,AHP-PL-EL-PDF-PSW-07 PV System Wiring Diagram T07 Rev_00.pdf
T07,9,T07-INV09,14,T07-INV09-S14,28,21,588,423.36,3x150,271,7588,5463.36,1,AHP-PL-EL-PDF-PSW-07 PV System Wiring Diagram T07 Rev_00.pdf
T07,9,T07-INV09,15,T07-INV09-S15,28,21,588,423.36,3x150,271,7588,5463.36,1,AHP-PL-EL-PDF-PSW-07 PV System Wiring Diagram T07 Rev_00.pdf
T07,9,T07-INV09,16,T07-INV09-S16,28,21,588,423.36,3x150,271,7588,5463.36,1,AHP-PL-EL-PDF-PSW-07 PV System Wiring Diagram T07 Rev_00.pdf
T07,9,T07-INV09,17,T07-INV09-S17,28,21,588,423.36,3x150,271,7588,5463.36,1,AHP-PL-EL-PDF-PSW-07 PV System Wiring Diagram T07 Rev_00.pdf
T07,9,T07-INV09,18,T07-INV09-S18,28,21,588,423.36,3x150,271,7588,5463.36,1,AHP-PL-EL-PDF-PSW-07 PV System Wiring Diagram T07 Rev_00.pdf
T07,9,T07-INV09,19,T07-INV09-S19,28,21,588,423.36,3x150,271,7588,5463.36,1,AHP-PL-EL-PDF-PSW-07 PV System Wiring Diagram T07 Rev_00.pdf
T07,9,T07-INV09,20,T07-INV09-S20,28,21,588,423.36,3x150,271,7588,5463.36,1,AHP-PL-EL-PDF-PSW-07 PV System Wiring Diagram T07 Rev_00.pdf
T07,9,T07-INV09,21,T07-INV09-S21,28,21,588,423.36,3x150,271,7588,5463.36,1,AHP-PL-EL-PDF-PSW-07 PV System Wiring Diagram T07 Rev_00.pdf
T07,10,T07-INV10,1,T07-INV10-S01,28,21,588,423.36,3x150,271,7588,5463.36,1,AHP-PL-EL-PDF-PSW-07 PV System Wiring Diagram T07 Rev_00.pdf
T07,10,T07-INV10,2,T07-INV10-S02,28,21,588,423.36,3x150,271,7588,5463.36,1,AHP-PL-EL-PDF-PSW-07 PV System Wiring Diagram T07 Rev_00.pdf
T07,10,T07-INV10,3,T07-INV10-S03,28,21,588,423.36,3x150,271,7588,5463.36,1,AHP-PL-EL-PDF-PSW-07 PV System Wiring Diagram T07 Rev_00.pdf
T07,10,T07-INV10,4,T07-INV10-S04,28,21,588,423.36,3x150,271,7588,5463.36,1,AHP-PL-EL-PDF-PSW-07 PV System Wiring Diagram T07 Rev_00.pdf
T07,10,T07-INV10,5,T07-INV10-S05,28,21,588,423.36,3x150,271,7588,5463.36,1,AHP-PL-EL-PDF-PSW-07 PV System Wiring Diagram T07 Rev_00.pdf
T07,10,T07-INV10,6,T07-INV10-S06,28,21,588,423.36,3x150,271,7588,5463.36,1,AHP-PL-EL-PDF-PSW-07 PV System Wiring Diagram T07 Rev_00.pdf
T07,10,T07-INV10,7,T07-INV10-S07,28,21,588,423.36,3x150,271,7588,5463.36,1,AHP-PL-EL-PDF-PSW-07 PV System Wiring Diagram T07 Rev_00.pdf
T07,10,T07-INV10,8,T07-INV10-S08,28,21,588,423.36,3x150,271,7588,5463.36,1,AHP-PL-EL-PDF-PSW-07 PV System Wiring Diagram T07 Rev_00.pdf
T07,10,T07-INV10,9,T07-INV10-S09,28,21,588,423.36,3x150,271,7588,5463.36,1,AHP-PL-EL-PDF-PSW-07 PV System Wiring Diagram T07 Rev_00.pdf
T07,10,T07-INV10,10,T07-INV10-S10,28,21,588,423.36,3x150,271,7588,5463.36,1,AHP-PL-EL-PDF-PSW-07 PV System Wiring Diagram T07 Rev_00.pdf
T07,10,T07-INV10,11,T07-INV10-S11,28,21,588,423.36,3x150,271,7588,5463.36,1,AHP-PL-EL-PDF-PSW-07 PV System Wiring Diagram T07 Rev_00.pdf
T07,10,T07-INV10,12,T07-INV10-S12,28,21,588,423.36,3x150,271,7588,5463.36,1,AHP-PL-EL-PDF-PSW-07 PV System Wiring Diagram T07 Rev_00.pdf
T07,10,T07-INV10,13,T07-INV10-S13,28,21,588,423.36,3x150,271,7588,5463.36,1,AHP-PL-EL-PDF-PSW-07 PV System Wiring Diagram T07 Rev_00.pdf
T07,10,T07-INV10,14,T07-INV10-S14,28,21,588,423.36,3x150,271,7588,5463.36,1,AHP-PL-EL-PDF-PSW-07 PV System Wiring Diagram T07 Rev_00.pdf
T07,10,T07-INV10,15,T07-INV10-S15,28,21,588,423.36,3x150,271,7588,5463.36,1,AHP-PL-EL-PDF-PSW-07 PV System Wiring Diagram T07 Rev_00.pdf
T07,10,T07-INV10,16,T07-INV10-S16,28,21,588,423.36,3x150,271,7588,5463.36,1,AHP-PL-EL-PDF-PSW-07 PV System Wiring Diagram T07 Rev_00.pdf
T07,10,T07-INV10,17,T07-INV10-S17,28,21,588,423.36,3x150,271,7588,5463.36,1,AHP-PL-EL-PDF-PSW-07 PV System Wiring Diagram T07 Rev_00.pdf
T07,10,T07-INV10,18,T07-INV10-S18,28,21,588,423.36,3x150,271,7588,5463.36,1,AHP-PL-EL-PDF-PSW-07 PV System Wiring Diagram T07 Rev_00.pdf
T07,10,T07-INV10,19,T07-INV10-S19,28,21,588,423.36,3x150,271,7588,5463.36,1,AHP-PL-EL-PDF-PSW-07 PV System Wiring Diagram T07 Rev_00.pdf
T07,10,T07-INV10,20,T07-INV10-S20,28,21,588,423.36,3x150,271,7588,5463.36,1,AHP-PL-EL-PDF-PSW-07 PV System Wiring Diagram T07 Rev_00.pdf
T07,10,T07-INV10,21,T07-INV10-S21,28,21,588,423.36,3x150,271,7588,5463.36,1,AHP-PL-EL-PDF-PSW-07 PV System Wiring Diagram T07 Rev_00.pdf
T07,11,T07-INV11,1,T07-INV11-S01,28,21,588,423.36,3x150,271,7588,5463.36,1,AHP-PL-EL-PDF-PSW-07 PV System Wiring Diagram T07 Rev_00.pdf
T07,11,T07-INV11,2,T07-INV11-S02,28,21,588,423.36,3x150,271,7588,5463.36,1,AHP-PL-EL-PDF-PSW-07 PV System Wiring Diagram T07 Rev_00.pdf
T07,11,T07-INV11,3,T07-INV11-S03,28,21,588,423.36,3x150,271,7588,5463.36,1,AHP-PL-EL-PDF-PSW-07 PV System Wiring Diagram T07 Rev_00.pdf
T07,11,T07-INV11,4,T07-INV11-S04,28,21,588,423.36,3x150,271,7588,5463.36,1,AHP-PL-EL-PDF-PSW-07 PV System Wiring Diagram T07 Rev_00.pdf
T07,11,T07-INV11,5,T07-INV11-S05,28,21,588,423.36,3x150,271,7588,5463.36,1,AHP-PL-EL-PDF-PSW-07 PV System Wiring Diagram T07 Rev_00.pdf
T07,11,T07-INV11,6,T07-INV11-S06,28,21,588,423.36,3x150,271,7588,5463.36,1,AHP-PL-EL-PDF-PSW-07 PV System Wiring Diagram T07 Rev_00.pdf
T07,11,T07-INV11,7,T07-INV11-S07,28,21,588,423.36,3x150,271,7588,5463.36,1,AHP-PL-EL-PDF-PSW-07 PV System Wiring Diagram T07 Rev_00.pdf
T07,11,T07-INV11,8,T07-INV11-S08,28,21,588,423.36,3x150,271,7588,5463.36,1,AHP-PL-EL-PDF-PSW-07 PV System Wiring Diagram T07 Rev_00.pdf
T07,11,T07-INV11,9,T07-INV11-S09,28,21,588,423.36,3x150,271,7588,5463.36,1,AHP-PL-EL-PDF-PSW-07 PV System Wiring Diagram T07 Rev_00.pdf
T07,11,T07-INV11,10,T07-INV11-S10,28,21,588,423.36,3x150,271,7588,5463.36,1,AHP-PL-EL-PDF-PSW-07 PV System Wiring Diagram T07 Rev_00.pdf
T07,11,T07-INV11,11,T07-INV11-S11,28,21,588,423.36,3x150,271,7588,5463.36,1,AHP-PL-EL-PDF-PSW-07 PV System Wiring Diagram T07 Rev_00.pdf
T07,11,T07-INV11,12,T07-INV11-S12,28,21,588,423.36,3x150,271,7588,5463.36,1,AHP-PL-EL-PDF-PSW-07 PV System Wiring Diagram T07 Rev_00.pdf
T07,11,T07-INV11,13,T07-INV11-S13,28,21,588,423.36,3x150,271,7588,5463.36,1,AHP-PL-EL-PDF-PSW-07 PV System Wiring Diagram T07 Rev_00.pdf
T07,11,T07-INV11,14,T07-INV11-S14,28,21,588,423.36,3x150,271,7588,5463.36,1,AHP-PL-EL-PDF-PSW-07 PV System Wiring Diagram T07 Rev_00.pdf
T07,11,T07-INV11,15,T07-INV11-S15,28,21,588,423.36,3x150,271,7588,5463.36,1,AHP-PL-EL-PDF-PSW-07 PV System Wiring Diagram T07 Rev_00.pdf
T07,11,T07-INV11,16,T07-INV11-S16,28,21,588,423.36,3x150,271,7588,5463.36,1,AHP-PL-EL-PDF-PSW-07 PV System Wiring Diagram T07 Rev_00.pdf
T07,11,T07-INV11,17,T07-INV11-S17,28,21,588,423.36,3x150,271,7588,5463.36,1,AHP-PL-EL-PDF-PSW-07 PV System Wiring Diagram T07 Rev_00.pdf
T07,11,T07-INV11,18,T07-INV11-S18,28,21,588,423.36,3x150,271,7588,5463.36,1,AHP-PL-EL-PDF-PSW-07 PV System Wiring Diagram T07 Rev_00.pdf
T07,11,T07-INV11,19,T07-INV11-S19,28,21,588,423.36,3x150,271,7588,5463.36,1,AHP-PL-EL-PDF-PSW-07 PV System Wiring Diagram T07 Rev_00.pdf
T07,11,T07-INV11,20,T07-INV11-S20,28,21,588,423.36,3x150,271,7588,5463.36,1,AHP-PL-EL-PDF-PSW-07 PV System Wiring Diagram T07 Rev_00.pdf
T07,11,T07-INV11,21,T07-INV11-S21,28,21,588,423.36,3x150,271,7588,5463.36,1,AHP-PL-EL-PDF-PSW-07 PV System Wiring Diagram T07 Rev_00.pdf
T07,12,T07-INV12,1,T07-INV12-S01,28,21,588,423.36,3x150,271,7588,5463.36,1,AHP-PL-EL-PDF-PSW-07 PV System Wiring Diagram T07 Rev_00.pdf
T07,12,T07-INV12,2,T07-INV12-S02,28,21,588,423.36,3x150,271,7588,5463.36,1,AHP-PL-EL-PDF-PSW-07 PV System Wiring Diagram T07 Rev_00.pdf
T07,12,T07-INV12,3,T07-INV12-S03,28,21,588,423.36,3x150,271,7588,5463.36,1,AHP-PL-EL-PDF-PSW-07 PV System Wiring Diagram T07 Rev_00.pdf
T07,12,T07-INV12,4,T07-INV12-S04,28,21,588,423.36,3x150,271,7588,5463.36,1,AHP-PL-EL-PDF-PSW-07 PV System Wiring Diagram T07 Rev_00.pdf
T07,12,T07-INV12,5,T07-INV12-S05,28,21,588,423.36,3x150,271,7588,5463.36,1,AHP-PL-EL-PDF-PSW-07 PV System Wiring Diagram T07 Rev_00.pdf
T07,12,T07-INV12,6,T07-INV12-S06,28,21,588,423.36,3x150,271,7588,5463.36,1,AHP-PL-EL-PDF-PSW-07 PV System Wiring Diagram T07 Rev_00.pdf
T07,12,T07-INV12,7,T07-INV12-S07,28,21,588,423.36,3x150,271,7588,5463.36,1,AHP-PL-EL-PDF-PSW-07 PV System Wiring Diagram T07 Rev_00.pdf
T07,12,T07-INV12,8,T07-INV12-S08,28,21,588,423.36,3x150,271,7588,5463.36,1,AHP-PL-EL-PDF-PSW-07 PV System Wiring Diagram T07 Rev_00.pdf
T07,12,T07-INV12,9,T07-INV12-S09,28,21,588,423.36,3x150,271,7588,5463.36,1,AHP-PL-EL-PDF-PSW-07 PV System Wiring Diagram T07 Rev_00.pdf
T07,12,T07-INV12,10,T07-INV12-S10,28,21,588,423.36,3x150,271,7588,5463.36,1,AHP-PL-EL-PDF-PSW-07 PV System Wiring Diagram T07 Rev_00.pdf
T07,12,T07-INV12,11,T07-INV12-S11,28,21,588,423.36,3x150,271,7588,5463.36,1,AHP-PL-EL-PDF-PSW-07 PV System Wiring Diagram T07 Rev_00.pdf
T07,12,T07-INV12,12,T07-INV12-S12,28,21,588,423.36,3x150,271,7588,5463.36,1,AHP-PL-EL-PDF-PSW-07 PV System Wiring Diagram T07 Rev_00.pdf
T07,12,T07-INV12,13,T07-INV12-S13,28,21,588,423.36,3x150,271,7588,5463.36,1,AHP-PL-EL-PDF-PSW-07 PV System Wiring Diagram T07 Rev_00.pdf
T07,12,T07-INV12,14,T07-INV12-S14,28,21,588,423.36,3x150,271,7588,5463.36,1,AHP-PL-EL-PDF-PSW-07 PV System Wiring Diagram T07 Rev_00.pdf
T07,12,T07-INV12,15,T07-INV12-S15,28,21,588,423.36,3x150,271,7588,5463.36,1,AHP-PL-EL-PDF-PSW-07 PV System Wiring Diagram T07 Rev_00.pdf
T07,12,T07-INV12,16,T07-INV12-S16,28,21,588,423.36,3x150,271,7588,5463.36,1,AHP-PL-EL-PDF-PSW-07 PV System Wiring Diagram T07 Rev_00.pdf
T07,12,T07-INV12,17,T07-INV12-S17,28,21,588,423.36,3x150,271,7588,5463.36,1,AHP-PL-EL-PDF-PSW-07 PV System Wiring Diagram T07 Rev_00.pdf
T07,12,T07-INV12,18,T07-INV12-S18,28,21,588,423.36,3x150,271,7588,5463.36,1,AHP-PL-EL-PDF-PSW-07 PV System Wiring Diagram T07 Rev_00.pdf
T07,12,T07-INV12,19,T07-INV12-S19,28,21,588,423.36,3x150,271,7588,5463.36,1,AHP-PL-EL-PDF-PSW-07 PV System Wiring Diagram T07 Rev_00.pdf
T07,12,T07-INV12,20,T07-INV12-S20,28,21,588,423.36,3x150,271,7588,5463.36,1,AHP-PL-EL-PDF-PSW-07 PV System Wiring Diagram T07 Rev_00.pdf
T07,12,T07-INV12,21,T07-INV12-S21,28,21,588,423.36,3x150,271,7588,5463.36,1,AHP-PL-EL-PDF-PSW-07 PV System Wiring Diagram T07 Rev_00.pdf
T07,13,T07-INV13,1,T07-INV13-S01,28,21,588,423.36,3x150,271,7588,5463.36,1,AHP-PL-EL-PDF-PSW-07 PV System Wiring Diagram T07 Rev_00.pdf
T07,13,T07-INV13,2,T07-INV13-S02,28,21,588,423.36,3x150,271,7588,5463.36,1,AHP-PL-EL-PDF-PSW-07 PV System Wiring Diagram T07 Rev_00.pdf
T07,13,T07-INV13,3,T07-INV13-S03,28,21,588,423.36,3x150,271,7588,5463.36,1,AHP-PL-EL-PDF-PSW-07 PV System Wiring Diagram T07 Rev_00.pdf
T07,13,T07-INV13,4,T07-INV13-S04,28,21,588,423.36,3x150,271,7588,5463.36,1,AHP-PL-EL-PDF-PSW-07 PV System Wiring Diagram T07 Rev_00.pdf
T07,13,T07-INV13,5,T07-INV13-S05,28,21,588,423.36,3x150,271,7588,5463.36,1,AHP-PL-EL-PDF-PSW-07 PV System Wiring Diagram T07 Rev_00.pdf
T07,13,T07-INV13,6,T07-INV13-S06,28,21,588,423.36,3x150,271,7588,5463.36,1,AHP-PL-EL-PDF-PSW-07 PV System Wiring Diagram T07 Rev_00.pdf
T07,13,T07-INV13,7,T07-INV13-S07,28,21,588,423.36,3x150,271,7588,5463.36,1,AHP-PL-EL-PDF-PSW-07 PV System Wiring Diagram T07 Rev_00.pdf
T07,13,T07-INV13,8,T07-INV13-S08,28,21,588,423.36,3x150,271,7588,5463.36,1,AHP-PL-EL-PDF-PSW-07 PV System Wiring Diagram T07 Rev_00.pdf
T07,13,T07-INV13,9,T07-INV13-S09,28,21,588,423.36,3x150,271,7588,5463.36,1,AHP-PL-EL-PDF-PSW-07 PV System Wiring Diagram T07 Rev_00.pdf
T07,13,T07-INV13,10,T07-INV13-S10,28,21,588,423.36,3x150,271,7588,5463.36,1,AHP-PL-EL-PDF-PSW-07 PV System Wiring Diagram T07 Rev_00.pdf
T07,13,T07-INV13,11,T07-INV13-S11,28,21,588,423.36,3x150,271,7588,5463.36,1,AHP-PL-EL-PDF-PSW-07 PV System Wiring Diagram T07 Rev_00.pdf
T07,13,T07-INV13,12,T07-INV13-S12,28,21,588,423.36,3x150,271,7588,5463.36,1,AHP-PL-EL-PDF-PSW-07 PV System Wiring Diagram T07 Rev_00.pdf
T07,13,T07-INV13,13,T07-INV13-S13,28,21,588,423.36,3x150,271,7588,5463.36,1,AHP-PL-EL-PDF-PSW-07 PV System Wiring Diagram T07 Rev_00.pdf
T07,13,T07-INV13,14,T07-INV13-S14,28,21,588,423.36,3x150,271,7588,5463.36,1,AHP-PL-EL-PDF-PSW-07 PV System Wiring Diagram T07 Rev_00.pdf
T07,13,T07-INV13,15,T07-INV13-S15,28,21,588,423.36,3x150,271,7588,5463.36,1,AHP-PL-EL-PDF-PSW-07 PV System Wiring Diagram T07 Rev_00.pdf
T07,13,T07-INV13,16,T07-INV13-S16,28,21,588,423.36,3x150,271,7588,5463.36,1,AHP-PL-EL-PDF-PSW-07 PV System Wiring Diagram T07 Rev_00.pdf
T07,13,T07-INV13,17,T07-INV13-S17,28,21,588,423.36,3x150,271,7588,5463.36,1,AHP-PL-EL-PDF-PSW-07 PV System Wiring Diagram T07 Rev_00.pdf
T07,13,T07-INV13,18,T07-INV13-S18,28,21,588,423.36,3x150,271,7588,5463.36,1,AHP-PL-EL-PDF-PSW-07 PV System Wiring Diagram T07 Rev_00.pdf
T07,13,T07-INV13,19,T07-INV13-S19,28,21,588,423.36,3x150,271,7588,5463.36,1,AHP-PL-EL-PDF-PSW-07 PV System Wiring Diagram T07 Rev_00.pdf
T07,13,T07-INV13,20,T07-INV13-S20,28,21,588,423.36,3x150,271,7588,5463.36,1,AHP-PL-EL-PDF-PSW-07 PV System Wiring Diagram T07 Rev_00.pdf
T07,13,T07-INV13,21,T07-INV13-S21,28,21,588,423.36,3x150,271,7588,5463.36,1,AHP-PL-EL-PDF-PSW-07 PV System Wiring Diagram T07 Rev_00.pdf
